customer_id,name,signup_date,segment,city
CUST001,Suresh Sharma,2023-07-23,Regular,Hyderabad
CUST002,Shreya Bose,2022-07-06,Regular,Delhi
CUST003,Kavya Sharma,2022-09-30,Regular,Ahmedabad
CUST004,Amit Joshi,2022-09-16,,Mumbai
CUST005,Sneha Gupta,2023-02-03,Regular,Pune
CUST006,Kavya Desai,2023-09-05,Regular,Chennai
CUST007,Neha Verma,2022-09-02,Regular,Mumbai
CUST008,Ishita Menon,2024-01-09,Premium,Bengaluru
CUST009,Meera Joshi,2023-11-20,Regular,Ahmedabad
CUST010,Karthik Sharma,2022-07-12,Regular,Kolkata
CUST011,Meera Kapoor,2023-08-12,Premium,Delhi
CUST012,Vivek Gupta,2022-12-02,Regular,Mumbai
CUST013,Ritu Menon,2023-11-07,Regular,Chennai
CUST014,Shreya Patel,2022-09-08,Regular,Pune
CUST015,Nikhil Reddy,2022-06-12,Regular,Delhi
CUST016,Nisha Gupta,2022-06-22,Regular,Mumbai
CUST017,Kavya Menon,2023-01-24,Regular,Delhi
CUST018,Deepak Gupta,2022-07-10,Premium,Bengaluru
CUST019,Nikhil Reddy,2023-07-19,Regular,Mumbai
CUST020,Divya Sharma,2023-04-27,Regular,Chennai
CUST021,Divya Kulkarni,2023-05-14,Regular,Pune
CUST022,Pooja Reddy,2023-05-05,Regular,Delhi
CUST023,Gaurav Sharma,2024-02-10,Regular,Kolkata
CUST024,Rohit Malhotra,2023-12-15,Regular,Hyderabad
CUST025,Rahul Desai,2022-07-03,Regular,Mumbai
CUST026,Meera Iyer,2023-06-24,Regular,Kolkata
CUST027,Lakshmi Chatterjee,2024-05-28,Regular,Delhi
CUST028,Divya Shetty,2023-08-31,Regular,Mumbai
CUST029,Vivek Bose,2024-03-15,Regular,Mumbai
CUST030,Sneha Joshi,2023-05-22,Regular,Mumbai
CUST031,Sanjay Verma,2023-11-14,Regular,Hyderabad
CUST032,Pooja Desai,2022-10-04,Regular,Mumbai
CUST033,Manish Malhotra,2024-05-20,Regular,Kolkata
CUST034,Shreya Nair,2024-05-22,Regular,Mumbai
CUST035,Swati Sharma,2022-09-15,Regular,Hyderabad
CUST036,Arjun Menon,2024-02-07,Premium,Pune
CUST037,Ananya Singh,2022-06-15,Regular,Chennai
CUST038,Gaurav Malhotra,2022-08-13,Regular,Mumbai
CUST039,Rohit Desai,2022-12-21,Regular,Pune
CUST040,Gaurav Bose,2023-02-25,Premium,Bengaluru
CUST041,Aditya Kapoor,2023-01-31,Regular,Bengaluru
CUST042,Priya Nair,2023-11-02,Premium,Mumbai
CUST043,Aditya Bose,2024-01-14,Premium,Mumbai
CUST044,Arjun Nair,2022-12-31,Regular,Bengaluru
CUST045,Aditya Pillai,2023-08-24,Regular,Delhi
CUST046,Gaurav Verma,2024-04-16,Regular,Mumbai
CUST047,Neha Menon,2024-02-17,Premium,Chennai
CUST048,Meera Joshi,2022-11-30,Regular,Mumbai
CUST049,Divya Verma,2023-04-11,Regular,Chennai
CUST050,Priya Kapoor,2023-09-24,Regular,Bengaluru
CUST051,Sneha Malhotra,2022-09-10,Regular,Chennai
CUST052,Nikhil Singh,2023-12-18,Premium,Hyderabad
CUST053,Karthik Menon,2023-07-02,Premium,Kolkata
CUST054,Pooja Bhat,2023-11-29,Regular,Ahmedabad
CUST055,Sanjay Joshi,2023-05-31,Regular,Hyderabad
CUST056,Sneha Chatterjee,2024-03-06,Premium,Mumbai
CUST057,Vivek Kapoor,2022-10-09,Regular,Bengaluru
CUST058,Nikhil Chatterjee,2022-06-15,Premium,Bengaluru
CUST059,Ishita Kapoor,2023-05-25,Regular,Bengaluru
CUST060,Harsh Chatterjee,2024-01-30,Regular,Mumbai
CUST061,Rahul Iyer,2022-10-07,Regular,Delhi
CUST062,Sneha Kapoor,2022-11-20,Regular,Mumbai
CUST063,Gaurav Singh,2024-03-03,Regular,Chennai
CUST064,Gaurav Joshi,2022-12-02,Regular,Bengaluru
CUST065,Pooja Kapoor,2022-11-07,Premium,Bengaluru
CUST066,Lakshmi Verma,2022-07-28,Premium,Bengaluru
CUST067,Sneha Joshi,2023-05-29,Regular,Mumbai
CUST068,Ishita Bose,2023-04-10,Regular,Chennai
CUST069,Karthik Kapoor,2023-09-04,Premium,Mumbai
CUST070,Manish Menon,2022-11-08,Regular,Chennai
CUST071,Priya Malhotra,2023-11-17,Regular,Bengaluru
CUST072,Ananya Shetty,2023-12-23,Regular,Delhi
CUST073,Neha Malhotra,2023-05-27,Regular,Mumbai
CUST074,Meera Kapoor,2023-07-01,Premium,Ahmedabad
CUST075,Manish Sharma,2023-03-08,Premium,Mumbai
CUST076,Lakshmi Kapoor,2023-10-08,Regular,Chennai
CUST077,Vivek Verma,2023-10-14,Regular,Pune
CUST078,Suresh Kapoor,2023-10-14,Regular,Mumbai
CUST079,Suresh Chatterjee,2024-02-21,Premium,Mumbai
CUST080,Kavya Verma,2024-05-05,Regular,Mumbai
CUST081,Ritu Iyer,2024-05-26,Regular,Pune
CUST082,Pooja Iyer,2023-06-13,Regular,Delhi
CUST083,Pooja Reddy,2024-04-21,Premium,Mumbai
CUST084,Nikhil Malhotra,2023-04-13,Premium,Delhi
CUST085,Meera Singh,2024-03-06,Regular,Pune
CUST086,Ritu Singh,2023-07-12,Premium,Mumbai
CUST087,Harsh Malhotra,2023-06-25,Premium,Mumbai
CUST088,Meera Kapoor,2022-08-12,Premium,Delhi
CUST089,Priya Patel,2023-03-21,Regular,Pune
CUST090,Ritu Singh,2023-09-05,Regular,Bengaluru
CUST091,Vivek Rao,2023-11-26,Regular,Delhi
CUST092,Nisha Kulkarni,2023-06-03,Premium,Mumbai
CUST093,Vivek Shetty,2022-11-09,Regular,Delhi
CUST094,Meera Sharma,2023-03-17,Regular,Mumbai
CUST095,Suresh Rao,2023-03-11,Regular,Hyderabad
CUST096,Kavya Kapoor,2022-12-02,Premium,Delhi
CUST097,Sneha Sharma,2023-02-12,Regular,Mumbai
CUST098,Arjun Reddy,2023-04-16,Regular,Hyderabad
CUST099,Ananya Iyer,2023-12-15,Premium,Mumbai
CUST100,Neha Gupta,2022-07-21,Premium,Mumbai
CUST101,Deepak Bhat,2024-02-15,Premium,Mumbai
CUST102,Arjun Shetty,2022-09-29,Premium,Bengaluru
CUST103,Nikhil Nair,2024-03-16,Premium,Pune
CUST104,Arjun Kapoor,2022-12-07,Regular,Bengaluru
CUST105,Anjali Joshi,2022-11-28,Premium,Mumbai
CUST106,Kavya Verma,2023-01-15,Regular,Bengaluru
CUST107,Deepak Kulkarni,2022-12-15,Regular,Mumbai
CUST108,Sneha Pillai,2022-07-11,Regular,Hyderabad
CUST109,Swati Singh,2023-01-14,Regular,Delhi
CUST110,Ritu Kulkarni,2022-08-21,Regular,Bengaluru
CUST111,Priya Kulkarni,2022-12-25,Regular,Hyderabad
CUST112,Aditya Kulkarni,2023-08-22,Regular,Bengaluru
CUST113,Sneha Malhotra,2023-12-14,,Bengaluru
CUST114,Vikram Gupta,2023-03-28,Regular,Chennai
CUST115,Suresh Shetty,2022-08-12,Regular,Pune
CUST116,Ishita Chatterjee,2024-04-15,Premium,Chennai
CUST117,Amit Sharma,2023-01-03,Premium,Delhi
CUST118,Lakshmi Sharma,2024-05-08,Regular,Mumbai
CUST119,Gaurav Kapoor,2023-03-11,Regular,Mumbai
CUST120,Amit Kapoor,2022-07-28,Regular,Hyderabad
CUST121,Nisha Menon,2022-12-19,Premium,Delhi
CUST122,Ritu Gupta,2024-04-05,Premium,Delhi
CUST123,Harsh Kulkarni,2023-12-01,Premium,Bengaluru
CUST124,Ananya Singh,2024-03-21,Premium,Delhi
CUST125,Meera Rao,2023-01-03,Premium,Mumbai
CUST126,Sanjay Bhat,2023-01-10,Regular,Bengaluru
CUST127,Ishita Rao,2022-07-25,Regular,Mumbai
CUST128,Nikhil Joshi,2023-07-18,Regular,Delhi
CUST129,Suresh Menon,2023-03-07,Regular,Hyderabad
CUST130,Divya Menon,2023-01-11,Premium,Delhi
CUST131,Lakshmi Chatterjee,2022-07-24,Premium,Delhi
CUST132,Kavya Gupta,2022-08-05,Regular,Chennai
CUST133,Ananya Kapoor,2024-02-10,Regular,Chennai
CUST134,Pooja Desai,2024-05-12,,Mumbai
CUST135,Nikhil Kulkarni,2023-05-11,Regular,Chennai
CUST136,Pooja Bhat,2023-09-23,Premium,Delhi
CUST137,Vivek Menon,2024-01-29,Regular,Mumbai
CUST138,Ritu Kulkarni,2023-05-19,Premium,Hyderabad
CUST139,Harsh Joshi,2022-11-04,Regular,Chennai
CUST140,Priya Bhat,2022-11-03,Premium,Mumbai
CUST141,Ananya Singh,2022-07-04,Regular,Chennai
CUST142,Vikram Gupta,2023-12-28,Premium,Delhi
CUST143,Shreya Desai,2022-09-23,Premium,Delhi
CUST144,Suresh Bhat,2024-02-06,Regular,Mumbai
CUST145,Nikhil Gupta,2022-06-06,Regular,Mumbai
CUST146,Suresh Sharma,2023-11-13,Premium,Chennai
CUST147,Pooja Joshi,2023-12-17,Regular,Bengaluru
CUST148,Nisha Malhotra,2022-10-18,Regular,Mumbai
CUST149,Sanjay Singh,2023-08-04,Premium,Delhi
CUST150,Ananya Gupta,2022-07-30,Premium,Kolkata
CUST151,Anjali Malhotra,2023-04-03,Regular,Bengaluru
CUST152,Amit Kulkarni,2022-11-12,Premium,Chennai
CUST153,Vikram Menon,2022-12-12,,Delhi
CUST154,Neha Chatterjee,2022-08-16,Regular,Mumbai
CUST155,Suresh Reddy,2024-01-05,Premium,Delhi
CUST156,Sanjay Sharma,2024-03-25,Regular,Mumbai
CUST157,Meera Kulkarni,2023-08-20,Regular,Delhi
CUST158,Rohit Rao,2023-03-25,Premium,Bengaluru
CUST159,Ananya Chatterjee,2022-08-02,Regular,Bengaluru
CUST160,Kavya Nair,2023-03-12,Regular,Pune
CUST161,Sneha Patel,2023-07-17,Premium,Pune
CUST162,Ananya Joshi,2023-07-19,Premium,Delhi
CUST163,Aditya Malhotra,2023-09-01,,Mumbai
CUST164,Swati Joshi,2022-08-13,Regular,Bengaluru
CUST165,Suresh Gupta,2022-11-24,Premium,Kolkata
CUST166,Lakshmi Joshi,2022-06-03,Premium,Mumbai
CUST167,Nisha Shetty,2023-03-04,Regular,Bengaluru
CUST168,Amit Rao,2023-12-03,Regular,Delhi
CUST169,Meera Menon,2023-06-14,Premium,Hyderabad
CUST170,Ananya Bhat,2023-11-09,Regular,Mumbai
CUST171,Aditya Gupta,2022-07-07,Regular,Mumbai
CUST172,Suresh Singh,2024-03-28,Regular,Hyderabad
CUST173,Nikhil Shetty,2022-07-02,Regular,Delhi
CUST174,Amit Rao,2024-05-19,Regular,Pune
CUST175,Ishita Iyer,2022-09-08,Regular,Delhi
CUST176,Nikhil Gupta,2022-06-29,Regular,Delhi
CUST177,Anjali Sharma,2022-07-25,Regular,Mumbai
CUST178,Anjali Iyer,2023-11-23,Regular,Mumbai
CUST179,Swati Patel,2023-11-26,Regular,Ahmedabad
CUST180,Neha Patel,2024-02-03,Premium,Delhi
CUST181,Harsh Iyer,2023-06-09,Regular,Chennai
CUST182,Harsh Menon,2023-07-13,Regular,Chennai
CUST183,Manish Chatterjee,2023-05-06,Regular,Delhi
CUST184,Neha Desai,2024-05-20,Regular,Hyderabad
CUST185,Priya Menon,2023-05-18,Regular,Pune
CUST186,Aditya Kapoor,2022-07-08,Premium,Pune
CUST187,Ishita Kapoor,2024-05-22,Premium,Chennai
CUST188,Ritu Patel,2023-07-14,Regular,Pune
CUST189,Ritu Bose,2024-03-03,Regular,Delhi
CUST190,Vikram Menon,2023-03-03,Regular,Mumbai
CUST191,Vikram Gupta,2022-08-14,Regular,Delhi
CUST192,Kavya Chatterjee,2022-09-14,Premium,Hyderabad
CUST193,Harsh Desai,2023-01-25,Premium,Hyderabad
CUST194,Harsh Shetty,2022-11-20,Regular,Mumbai
CUST195,Lakshmi Kulkarni,2023-04-12,Regular,Pune
CUST196,Ananya Desai,2024-02-27,Regular,Kolkata
CUST197,Sanjay Kulkarni,2022-07-26,Regular,Pune
CUST198,Harsh Singh,2022-08-09,Regular,Ahmedabad
CUST199,Kavya Verma,2023-12-20,Regular,Mumbai
CUST200,Nikhil Bose,2022-06-22,Regular,Chennai
CUST201,Neha Patel,2022-10-02,Regular,Ahmedabad
CUST202,Ananya Pillai,2023-01-15,Regular,Mumbai
CUST203,Lakshmi Gupta,2022-11-05,Regular,Mumbai
CUST204,Divya Bose,2023-01-31,Premium,Delhi
CUST205,Vikram Iyer,2023-01-13,Regular,Kolkata
CUST206,Sneha Iyer,2023-11-20,Regular,Mumbai
CUST207,Divya Singh,2024-03-10,Premium,Kolkata
CUST208,Ananya Kapoor,2023-10-10,Premium,Mumbai
CUST209,Karthik Desai,2022-10-17,Premium,Delhi
CUST210,Priya Kapoor,2023-11-17,Regular,Hyderabad
CUST211,Deepak Singh,2024-04-17,Regular,Kolkata
CUST212,Rahul Desai,2023-04-29,Premium,Bengaluru
CUST213,Anjali Sharma,2023-01-03,Regular,Bengaluru
CUST214,Ishita Sharma,2022-11-01,Regular,Bengaluru
CUST215,Meera Iyer,2024-01-24,Regular,Chennai
CUST216,Harsh Joshi,2024-05-30,Regular,Delhi
CUST217,Nikhil Patel,2024-02-08,Regular,Mumbai
CUST218,Rohit Bose,2023-11-04,Regular,Bengaluru
CUST219,Sanjay Iyer,2022-09-07,Regular,Delhi
CUST220,Neha Singh,2022-06-09,Regular,Pune
CUST221,Priya Kulkarni,2023-10-24,Regular,Bengaluru
CUST222,Sneha Desai,2023-11-20,Regular,Hyderabad
CUST223,Shreya Kapoor,2023-10-05,Premium,Mumbai
CUST224,Amit Kulkarni,2023-10-22,Regular,Delhi
CUST225,Sanjay Kapoor,2023-04-05,Regular,Delhi
CUST226,Deepak Desai,2023-11-15,Premium,Bengaluru
CUST227,Sneha Reddy,2022-11-25,Regular,Mumbai
CUST228,Nikhil Rao,2024-02-06,Regular,Pune
CUST229,Anjali Sharma,2022-12-14,Regular,Delhi
CUST230,Meera Reddy,2023-04-07,Regular,Kolkata
CUST231,Sneha Pillai,2023-10-11,Premium,Bengaluru
CUST232,Amit Joshi,2023-04-28,Regular,Delhi
CUST233,Shreya Pillai,2023-04-15,Premium,Mumbai
CUST234,Rahul Joshi,2022-11-13,Regular,Delhi
CUST235,Arjun Shetty,2022-10-12,Premium,Chennai
CUST236,Pooja Menon,2022-09-28,Regular,Mumbai
CUST237,Meera Kapoor,2023-03-07,Regular,Mumbai
CUST238,Vikram Desai,2023-10-23,Regular,Delhi
CUST239,Manish Chatterjee,2023-09-03,Regular,Hyderabad
CUST240,Sneha Joshi,2022-10-11,Regular,Delhi
CUST241,Harsh Malhotra,2023-05-08,Regular,Delhi
CUST242,Nisha Rao,2023-06-30,Premium,Chennai
CUST243,Priya Kulkarni,2023-10-14,,Mumbai
CUST244,Kavya Nair,2023-08-18,Premium,Mumbai
CUST245,Vivek Pillai,2024-02-13,Regular,Kolkata
CUST246,Neha Joshi,2023-05-07,Regular,Mumbai
CUST247,Lakshmi Desai,2023-08-07,Regular,Pune
CUST248,Priya Joshi,2023-10-18,Premium,Bengaluru
CUST249,Neha Verma,2023-07-22,Premium,Hyderabad
CUST250,Sneha Malhotra,2023-08-06,Premium,Delhi
CUST251,Harsh Bose,2023-02-25,Regular,Chennai
CUST252,Shreya Shetty,2022-08-12,Premium,Bengaluru
CUST253,Deepak Kapoor,2022-08-31,Regular,Mumbai
CUST254,Ananya Chatterjee,2023-05-01,Premium,Hyderabad
CUST255,Meera Shetty,2023-12-04,Premium,Mumbai
CUST256,Manish Kulkarni,2023-08-27,Regular,Bengaluru
CUST257,Lakshmi Patel,2022-07-29,Premium,Delhi
CUST258,Rahul Kapoor,2022-11-11,Regular,Mumbai
CUST259,Rahul Bhat,2022-06-17,Regular,Hyderabad
CUST260,Aditya Chatterjee,2023-08-16,Premium,Delhi
CUST261,Nikhil Bose,2022-09-21,Regular,Pune
CUST262,Arjun Pillai,2023-02-02,Premium,Chennai
CUST263,Pooja Pillai,2022-07-22,Regular,Delhi
CUST264,Aditya Kulkarni,2024-05-09,Regular,Pune
CUST265,Manish Menon,2023-05-23,,Pune
CUST266,Amit Kulkarni,2024-05-18,Regular,Hyderabad
CUST267,Suresh Pillai,2023-01-08,Regular,Bengaluru
CUST268,Gaurav Pillai,2023-07-19,Premium,Chennai
CUST269,Priya Shetty,2022-07-11,Premium,Mumbai
CUST270,Aditya Shetty,2023-07-25,Premium,Bengaluru
CUST271,Lakshmi Bose,2024-03-16,Premium,Mumbai
CUST272,Aditya Patel,2022-08-21,Regular,Delhi
CUST273,Karthik Gupta,2023-06-16,Premium,Kolkata
CUST274,Manish Joshi,2023-03-16,Premium,Mumbai
CUST275,Rohit Malhotra,2023-02-21,Regular,Mumbai
CUST276,Lakshmi Kulkarni,2024-03-04,Regular,Delhi
CUST277,Sanjay Patel,2022-08-22,Premium,Chennai
CUST278,Ananya Chatterjee,2023-04-20,Regular,Mumbai
CUST279,Suresh Singh,2022-09-21,Regular,Mumbai
CUST280,Manish Bhat,2023-09-09,Regular,Bengaluru
CUST281,Vivek Verma,2023-07-06,Regular,Mumbai
CUST282,Karthik Bose,2024-02-20,Regular,Bengaluru
CUST283,Ritu Bose,2022-11-23,Premium,Delhi
CUST284,Shreya Reddy,2022-07-18,Premium,Delhi
CUST285,Suresh Iyer,2022-09-20,Regular,Pune
CUST286,Deepak Gupta,2023-01-11,Regular,Pune
CUST287,Neha Bose,2022-11-19,Regular,Kolkata
CUST288,Rahul Nair,2024-03-14,Regular,Mumbai
CUST289,Vikram Bhat,2023-07-19,Premium,Chennai
CUST290,Ishita Pillai,2022-12-14,Regular,Bengaluru
CUST291,Gaurav Gupta,2023-07-31,Premium,Mumbai
CUST292,Rahul Bose,2023-12-13,Regular,Mumbai
CUST293,Rohit Chatterjee,2022-09-26,Premium,Ahmedabad
CUST294,Kavya Desai,2024-03-09,Regular,Chennai
CUST295,Ritu Gupta,2022-09-02,Premium,Mumbai
CUST296,Rohit Nair,2022-11-16,Regular,Hyderabad
CUST297,Aditya Malhotra,2024-02-11,Regular,Bengaluru
CUST298,Nikhil Verma,2023-12-02,Regular,Delhi
CUST299,Anjali Sharma,2023-12-15,Regular,Kolkata
CUST300,Harsh Kapoor,2023-06-20,Regular,Mumbai
CUST301,Nikhil Pillai,2023-09-03,Regular,Mumbai
CUST302,Divya Nair,2024-02-11,Premium,Delhi
CUST303,Karthik Kapoor,2023-01-12,Regular,Ahmedabad
CUST304,Rahul Malhotra,2024-03-25,Premium,Bengaluru
CUST305,Meera Malhotra,2023-04-03,Regular,Bengaluru
CUST306,Karthik Reddy,2022-11-14,Regular,Delhi
CUST307,Priya Nair,2024-02-11,Regular,Delhi
CUST308,Ishita Reddy,2023-10-30,Premium,Pune
CUST309,Anjali Reddy,2022-07-19,Regular,Chennai
CUST310,Sanjay Bhat,2024-03-28,Premium,Mumbai
CUST311,Aditya Bhat,2023-11-06,Regular,Mumbai
CUST312,Karthik Pillai,2022-06-12,Regular,Delhi
CUST313,Rahul Rao,2022-07-11,Regular,Bengaluru
CUST314,Neha Sharma,2023-06-20,Regular,Mumbai
CUST315,Harsh Shetty,2023-09-23,Premium,Chennai
CUST316,Manish Bose,2024-05-18,Premium,Delhi
CUST317,Priya Bose,2023-01-29,Regular,Chennai
CUST318,Aditya Patel,2024-05-12,Regular,Bengaluru
CUST319,Nikhil Patel,2023-08-25,Regular,Delhi
CUST320,Vikram Reddy,2023-06-19,Premium,Kolkata
CUST321,Arjun Shetty,2024-03-19,Premium,Bengaluru
CUST322,Lakshmi Shetty,2023-12-20,Premium,Delhi
CUST323,Manish Kapoor,2023-01-17,Premium,Bengaluru
CUST324,Lakshmi Iyer,2022-11-04,Regular,Pune
CUST325,Nisha Bose,2023-01-28,Regular,Mumbai
CUST326,Deepak Gupta,2024-04-03,Regular,Bengaluru
CUST327,Kavya Joshi,2023-05-11,Regular,Hyderabad
CUST328,Neha Rao,2023-11-04,Regular,Ahmedabad
CUST329,Vikram Shetty,2022-09-08,Premium,Chennai
CUST330,Swati Gupta,2024-05-01,Regular,Pune
CUST331,Karthik Pillai,2022-08-09,Regular,Mumbai
CUST332,Karthik Gupta,2022-10-06,Regular,Chennai
CUST333,Amit Shetty,2023-07-16,Regular,Delhi
CUST334,Sneha Singh,2023-09-06,Regular,Bengaluru
CUST335,Ananya Chatterjee,2023-11-17,Regular,Pune
CUST336,Aditya Reddy,2022-11-17,Regular,Bengaluru
CUST337,Deepak Bose,2023-01-01,Premium,Delhi
CUST338,Nisha Gupta,2022-11-17,Regular,Pune
CUST339,Divya Patel,2023-09-04,Regular,Bengaluru
CUST340,Ananya Kapoor,2023-11-13,Regular,Hyderabad
CUST341,Amit Joshi,2022-06-22,Regular,Delhi
CUST342,Ritu Patel,2023-10-04,Regular,Mumbai
CUST343,Divya Chatterjee,2023-03-17,Regular,Bengaluru
CUST344,Karthik Joshi,2022-06-03,Regular,Bengaluru
CUST345,Harsh Iyer,2022-09-17,Regular,Hyderabad
CUST346,Lakshmi Desai,2024-05-05,Regular,Bengaluru
CUST347,Ananya Kulkarni,2023-01-22,Regular,Bengaluru
CUST348,Rohit Bhat,2023-09-26,Regular,Mumbai
CUST349,Vikram Nair,2024-05-04,Regular,Bengaluru
CUST350,Sneha Pillai,2024-05-20,Regular,Delhi
CUST351,Nikhil Chatterjee,2023-04-27,Regular,Bengaluru
CUST352,Meera Nair,2023-02-07,Regular,Pune
CUST353,Anjali Shetty,2023-04-26,Regular,Mumbai
CUST354,Lakshmi Kulkarni,2024-01-26,Premium,Hyderabad
CUST355,Sanjay Nair,2023-01-19,Regular,Ahmedabad
CUST356,Aditya Bose,2022-08-09,Regular,Mumbai
CUST357,Vivek Shetty,2023-06-07,Premium,Delhi
CUST358,Vivek Desai,2024-04-18,Regular,Kolkata
CUST359,Deepak Iyer,2023-06-25,Regular,Delhi
CUST360,Pooja Pillai,2022-08-17,Regular,Pune
CUST361,Rahul Iyer,2023-06-11,Premium,Ahmedabad
CUST362,Harsh Reddy,2024-04-03,Regular,Bengaluru
CUST363,Rahul Shetty,2022-10-03,Premium,Hyderabad
CUST364,Anjali Bhat,2023-11-07,Regular,Chennai
CUST365,Deepak Reddy,2023-01-10,Premium,Delhi
CUST366,Karthik Malhotra,2023-08-18,Regular,Delhi
CUST367,Priya Reddy,2022-08-01,Regular,Chennai
CUST368,Vivek Gupta,2024-04-30,Regular,Delhi
CUST369,Vikram Sharma,2023-11-19,Regular,Chennai
CUST370,Deepak Bose,2023-06-15,Premium,Bengaluru
CUST371,Manish Singh,2022-06-25,,Bengaluru
CUST372,Suresh Rao,2023-04-12,Premium,Delhi
CUST373,Sanjay Verma,2022-09-19,Regular,Mumbai
CUST374,Karthik Verma,2023-03-08,Regular,Chennai
CUST375,Sanjay Pillai,2022-07-27,Premium,Delhi
CUST376,Aditya Menon,2024-02-25,Regular,Pune
CUST377,Suresh Nair,2022-11-26,Premium,Mumbai
CUST378,Swati Reddy,2022-12-04,Regular,Bengaluru
CUST379,Pooja Kapoor,2023-04-10,Regular,Bengaluru
CUST380,Aditya Joshi,2023-12-14,Regular,Pune
CUST381,Ishita Pillai,2023-08-03,Regular,Delhi
CUST382,Amit Malhotra,2022-10-26,Premium,Delhi
CUST383,Anjali Sharma,2023-07-01,Premium,Hyderabad
CUST384,Swati Reddy,2023-01-25,Regular,Mumbai
CUST385,Sneha Shetty,2022-07-12,Regular,Bengaluru
CUST386,Divya Singh,2023-03-20,Premium,Kolkata
CUST387,Harsh Gupta,2023-01-25,Regular,Delhi
CUST388,Arjun Gupta,2023-10-03,Regular,Chennai
CUST389,Vivek Joshi,2022-09-02,Premium,Mumbai
CUST390,Ananya Joshi,2023-06-13,Regular,Bengaluru
CUST391,Karthik Pillai,2022-07-24,Regular,Pune
CUST392,Ritu Rao,2023-02-23,Regular,Chennai
CUST393,Deepak Kapoor,2024-01-05,Regular,Hyderabad
CUST394,Divya Kulkarni,2023-12-07,Regular,Delhi
CUST395,Kavya Patel,2024-02-08,Premium,Bengaluru
CUST396,Deepak Pillai,2024-04-06,Premium,Delhi
CUST397,Amit Menon,2022-06-25,Premium,Pune
CUST398,Nisha Singh,2024-01-21,Premium,Delhi
CUST399,Sanjay Bose,2023-03-10,Regular,Pune
CUST400,Priya Shetty,2024-03-13,Premium,Mumbai
CUST401,Divya Patel,2022-06-30,Premium,Mumbai
CUST402,Nisha Desai,2023-09-14,Premium,Pune
CUST403,Meera Gupta,2023-09-29,Regular,Pune
CUST404,Pooja Verma,2022-09-10,Regular,Mumbai
CUST405,Priya Malhotra,2024-02-11,Regular,Delhi
CUST406,Rahul Verma,2023-08-14,Regular,Bengaluru
CUST407,Pooja Desai,2023-01-01,Regular,Mumbai
CUST408,Vikram Bose,2024-05-01,Premium,Kolkata
CUST409,Pooja Shetty,2023-03-06,Premium,Mumbai
CUST410,Sanjay Rao,2023-03-29,Regular,Mumbai
CUST411,Sneha Shetty,2023-09-21,Premium,Delhi
CUST412,Amit Reddy,2022-10-28,Regular,Kolkata
CUST413,Amit Sharma,2024-04-25,Regular,Pune
CUST414,Swati Bose,2024-03-09,Premium,Ahmedabad
CUST415,Amit Shetty,2024-02-04,Regular,Chennai
CUST416,Meera Bhat,2022-11-24,Regular,Bengaluru
CUST417,Priya Shetty,2022-12-17,Regular,Mumbai
CUST418,Lakshmi Pillai,2023-12-20,Regular,Mumbai
CUST419,Sanjay Rao,2022-10-05,Premium,Delhi
CUST420,Manish Singh,2023-05-28,Regular,Delhi
CUST421,Ritu Pillai,2022-06-19,Regular,Ahmedabad
CUST422,Lakshmi Bose,2022-11-12,Regular,Delhi
CUST423,Manish Singh,2023-08-28,Regular,Mumbai
CUST424,Amit Chatterjee,2022-11-25,Premium,Delhi
CUST425,Pooja Reddy,2023-02-09,Regular,Bengaluru
CUST426,Anjali Patel,2022-08-07,Regular,Bengaluru
CUST427,Divya Shetty,2023-02-06,Premium,Delhi
CUST428,Karthik Pillai,2022-12-30,Premium,Bengaluru
CUST429,Swati Singh,2022-11-11,Regular,Bengaluru
CUST430,Aditya Menon,2023-11-23,Regular,Mumbai
CUST431,Rahul Kapoor,2023-12-28,Premium,Bengaluru
CUST432,Meera Kapoor,2024-01-29,Regular,Mumbai
CUST433,Sneha Shetty,2022-11-03,Regular,Delhi
CUST434,Divya Kapoor,2023-12-15,Regular,Mumbai
CUST435,Divya Nair,2023-06-15,Regular,Delhi
CUST436,Rahul Chatterjee,2022-08-20,Premium,Mumbai
CUST437,Shreya Kulkarni,2022-07-27,Premium,Delhi
CUST438,Swati Verma,2023-01-25,Regular,Mumbai
CUST439,Nikhil Iyer,2023-05-23,Premium,Mumbai
CUST440,Sneha Iyer,2023-02-22,Regular,Hyderabad
CUST441,Swati Reddy,2022-08-10,Regular,Chennai
CUST442,Shreya Reddy,2022-07-31,Regular,Mumbai
CUST443,Amit Malhotra,2023-03-13,Regular,Mumbai
CUST444,Manish Kulkarni,2023-02-25,Regular,Mumbai
CUST445,Vivek Reddy,2022-09-24,Regular,Chennai
CUST446,Harsh Desai,2022-07-20,Regular,Delhi
CUST447,Karthik Reddy,2024-01-25,Regular,Bengaluru
CUST448,Deepak Nair,2024-01-11,,Hyderabad
CUST449,Vivek Kulkarni,2023-04-10,Premium,Delhi
CUST450,Manish Patel,2023-07-08,Regular,Mumbai
CUST451,Ishita Menon,2024-05-07,Regular,Mumbai
CUST452,Suresh Bose,2022-07-10,Regular,Hyderabad
CUST453,Rahul Pillai,2023-01-06,Premium,Hyderabad
CUST454,Shreya Kulkarni,2023-07-01,Premium,Chennai
CUST455,Manish Rao,2023-07-09,Regular,Mumbai
CUST456,Kavya Chatterjee,2023-12-29,Regular,Bengaluru
CUST457,Amit Bhat,2023-09-18,Regular,Delhi
CUST458,Gaurav Bhat,2023-11-21,Regular,Delhi
CUST459,Rohit Malhotra,2024-05-13,Regular,Mumbai
CUST460,Meera Reddy,2023-10-19,Regular,Pune
CUST461,Nikhil Reddy,2024-01-09,Regular,Delhi
CUST462,Harsh Joshi,2023-06-17,Regular,Bengaluru
CUST463,Aditya Malhotra,2023-11-27,Premium,Mumbai
CUST464,Vivek Chatterjee,2023-07-31,Regular,Delhi
CUST465,Priya Nair,2024-02-07,Premium,Bengaluru
CUST466,Ishita Verma,2022-08-21,Premium,Mumbai
CUST467,Nisha Reddy,2022-08-29,Regular,Mumbai
CUST468,Rahul Kulkarni,2023-08-03,,Delhi
CUST469,Ananya Nair,2023-02-26,Premium,Pune
CUST470,Meera Kulkarni,2022-11-16,Regular,Kolkata
CUST471,Sneha Gupta,2022-07-08,Regular,Mumbai
CUST472,Vivek Bose,2022-09-30,Regular,Delhi
CUST473,Swati Iyer,2022-06-29,Regular,Pune
CUST474,Neha Nair,2022-11-13,Premium,Hyderabad
CUST475,Nikhil Joshi,2024-03-09,Regular,Kolkata
CUST476,Sanjay Bhat,2024-01-13,Premium,Pune
CUST477,Nikhil Pillai,2022-09-29,Regular,Kolkata
CUST478,Ritu Singh,2023-08-13,Regular,Kolkata
CUST479,Divya Malhotra,2022-06-15,Regular,Hyderabad
CUST480,Sanjay Kulkarni,2023-01-10,Regular,Mumbai
CUST481,Amit Kulkarni,2024-02-21,Premium,Bengaluru
CUST482,Sanjay Pillai,2023-04-17,Regular,Mumbai
CUST483,Nikhil Pillai,2023-04-29,Regular,Kolkata
CUST484,Rahul Shetty,2024-05-04,Premium,Chennai
CUST485,Shreya Desai,2023-06-21,Regular,Hyderabad
CUST486,Sanjay Bose,2024-04-05,Regular,Chennai
CUST487,Harsh Bhat,2023-07-01,Premium,Delhi
CUST488,Priya Malhotra,2023-10-24,Premium,Chennai
CUST489,Gaurav Shetty,2022-09-06,Premium,Mumbai
CUST490,Nikhil Shetty,2022-09-20,Premium,Ahmedabad
CUST491,Vivek Desai,2023-04-13,Premium,Kolkata
CUST492,Ananya Bhat,2023-11-15,Regular,Delhi
CUST493,Divya Pillai,2023-10-09,Regular,Mumbai
CUST494,Vivek Bose,2023-11-24,Premium,Mumbai
CUST495,Swati Singh,2023-06-28,Regular,Delhi
CUST496,Meera Malhotra,2022-11-22,Premium,Delhi
CUST497,Harsh Bose,2022-11-03,Regular,Mumbai
CUST498,Manish Joshi,2024-03-09,Premium,Pune
CUST499,Karthik Joshi,2024-02-03,Premium,Pune
CUST500,Vivek Verma,2023-12-23,Regular,Chennai
CUST501,Anjali Kulkarni,2024-04-09,Premium,Mumbai
CUST502,Nisha Chatterjee,2022-08-16,Premium,Ahmedabad
CUST503,Pooja Patel,2024-01-10,Regular,Mumbai
CUST504,Ishita Kapoor,2022-07-18,Premium,Hyderabad
CUST505,Vivek Kapoor,2023-07-27,Regular,Hyderabad
CUST506,Anjali Bose,2023-05-13,Regular,Bengaluru
CUST507,Lakshmi Shetty,2023-09-10,Regular,Pune
CUST508,Priya Menon,2024-05-04,,Mumbai
CUST509,Priya Joshi,2023-01-25,Regular,Ahmedabad
CUST510,Nikhil Rao,2022-10-23,Regular,Mumbai
CUST511,Divya Shetty,2022-09-09,Regular,Delhi
CUST512,Priya Verma,2023-09-06,Regular,Bengaluru
CUST513,Priya Joshi,2024-01-31,Regular,Mumbai
CUST514,Harsh Reddy,2022-10-30,Regular,Bengaluru
CUST515,Manish Menon,2023-12-16,Premium,Mumbai
CUST516,Aditya Sharma,2023-06-09,Regular,Chennai
CUST517,Divya Chatterjee,2023-03-26,Premium,Bengaluru
CUST518,Priya Desai,2022-08-09,Regular,Bengaluru
CUST519,Gaurav Menon,2022-08-10,Regular,Hyderabad
CUST520,Ritu Bose,2023-06-10,Premium,Pune
CUST521,Lakshmi Shetty,2024-05-01,Regular,Pune
CUST522,Aditya Malhotra,2023-10-28,Regular,Chennai
CUST523,Gaurav Gupta,2022-12-11,Premium,Mumbai
CUST524,Sneha Pillai,2023-12-21,Regular,Bengaluru
CUST525,Manish Iyer,2023-06-07,Regular,Ahmedabad
CUST526,Karthik Malhotra,2023-10-11,Regular,Mumbai
CUST527,Suresh Nair,2024-01-09,Regular,Pune
CUST528,Karthik Sharma,2023-07-15,Regular,Pune
CUST529,Vivek Desai,2023-12-03,Regular,Mumbai
CUST530,Sneha Menon,2023-12-16,Premium,Pune
CUST531,Shreya Kapoor,2024-05-21,Regular,Mumbai
CUST532,Kavya Nair,2024-03-26,Regular,Delhi
CUST533,Anjali Singh,2023-01-30,Premium,Delhi
CUST534,Priya Joshi,2022-06-11,Regular,Ahmedabad
CUST535,Ishita Kulkarni,2023-04-30,Regular,Bengaluru
CUST536,Meera Bose,2022-12-29,Premium,Bengaluru
CUST537,Ishita Rao,2023-10-03,Regular,Pune
CUST538,Ishita Kulkarni,2023-12-20,Regular,Mumbai
CUST539,Suresh Pillai,2024-01-24,Premium,Kolkata
CUST540,Nisha Rao,2024-01-20,Premium,Bengaluru
CUST541,Ishita Singh,2023-11-05,Regular,Chennai
CUST542,Divya Bhat,2023-02-26,Regular,Mumbai
CUST543,Kavya Bhat,2022-07-10,Regular,Ahmedabad
CUST544,Amit Reddy,2023-12-25,Regular,Chennai
CUST545,Ananya Malhotra,2023-11-11,Premium,Mumbai
CUST546,Shreya Kulkarni,2024-04-27,Premium,Mumbai
CUST547,Karthik Kapoor,2024-04-15,Regular,Bengaluru
CUST548,Divya Nair,2023-02-24,Regular,Bengaluru
CUST549,Anjali Verma,2023-07-19,Regular,Delhi
CUST550,Neha Patel,2022-08-26,Regular,Delhi
CUST551,Ishita Malhotra,2024-05-20,Regular,Hyderabad
CUST552,Karthik Pillai,2024-01-02,Regular,Hyderabad
CUST553,Swati Nair,2023-08-22,Premium,Delhi
CUST554,Nisha Malhotra,2022-08-24,Regular,Bengaluru
CUST555,Ritu Joshi,2022-12-03,Regular,Pune
CUST556,Amit Rao,2022-10-19,Regular,Bengaluru
CUST557,Suresh Kapoor,2024-01-01,Premium,Mumbai
CUST558,Amit Kapoor,2023-02-24,Regular,Ahmedabad
CUST559,Suresh Malhotra,2024-03-16,Regular,Bengaluru
CUST560,Anjali Verma,2024-03-20,Premium,Hyderabad
CUST561,Ritu Pillai,2022-12-13,Regular,Mumbai
CUST562,Vikram Menon,2023-06-20,Premium,Bengaluru
CUST563,Swati Bhat,2022-08-06,Regular,Kolkata
CUST564,Priya Shetty,2024-04-14,Regular,Mumbai
CUST565,Rohit Desai,2024-03-08,Premium,Hyderabad
CUST566,Anjali Kapoor,2022-11-08,Regular,Chennai
CUST567,Divya Bhat,2023-01-03,Regular,Mumbai
CUST568,Sneha Shetty,2022-07-12,Regular,Bengaluru
CUST569,Meera Joshi,2024-04-22,Regular,Kolkata
CUST570,Kavya Sharma,2023-07-26,Premium,Hyderabad
CUST571,Nikhil Joshi,2022-11-28,Premium,Delhi
CUST572,Karthik Patel,2024-04-29,Regular,Mumbai
CUST573,Vivek Shetty,2023-03-28,Regular,Mumbai
CUST574,Amit Singh,2022-12-24,Premium,Hyderabad
CUST575,Lakshmi Bose,2023-05-11,Regular,Hyderabad
CUST576,Anjali Kulkarni,2023-02-20,Premium,Mumbai
CUST577,Nikhil Kulkarni,2022-06-21,Regular,Delhi
CUST578,Shreya Chatterjee,2023-06-15,Regular,Bengaluru
CUST579,Anjali Gupta,2024-05-01,Regular,Chennai
CUST580,Harsh Nair,2022-12-30,Regular,Hyderabad
CUST581,Harsh Desai,2023-12-01,Regular,Chennai
CUST582,Meera Gupta,2022-08-31,Regular,Bengaluru
CUST583,Karthik Bhat,2023-01-28,Regular,Mumbai
CUST584,Pooja Rao,2024-01-10,Regular,Mumbai
CUST585,Suresh Kulkarni,2024-05-01,Regular,Delhi
CUST586,Sanjay Sharma,2024-04-01,Regular,Hyderabad
CUST587,Meera Reddy,2023-11-12,Regular,Chennai
CUST588,Ritu Desai,2023-04-06,Regular,Bengaluru
CUST589,Aditya Bhat,2023-12-11,Regular,Delhi
CUST590,Ritu Singh,2023-02-04,Premium,Mumbai
CUST591,Arjun Menon,2023-01-09,Regular,Pune
CUST592,Vikram Gupta,2022-12-21,Premium,Bengaluru
CUST593,Aditya Verma,2024-05-29,Regular,Delhi
CUST594,Nisha Singh,2022-11-30,Regular,Delhi
CUST595,Nisha Bose,2022-12-26,Regular,Delhi
CUST596,Shreya Reddy,2023-12-05,Regular,Chennai
CUST597,Ritu Nair,2023-05-05,Regular,Bengaluru
CUST598,Rahul Pillai,2024-02-03,Premium,Delhi
CUST599,Manish Reddy,2022-10-01,Regular,Bengaluru
CUST600,Manish Chatterjee,2023-01-14,Regular,Pune
CUST601,Ishita Gupta,2022-10-31,Regular,Mumbai
CUST602,Aditya Chatterjee,2024-04-30,Premium,Chennai
CUST603,Ritu Malhotra,2023-02-19,Premium,Mumbai
CUST604,Sanjay Reddy,2022-10-08,Regular,Pune
CUST605,Karthik Nair,2024-04-22,Regular,Delhi
CUST606,Neha Reddy,2024-01-04,Regular,Kolkata
CUST607,Vivek Bose,2023-04-05,Regular,Delhi
CUST608,Priya Gupta,2022-07-05,Regular,Pune
CUST609,Amit Bhat,2022-10-28,Regular,Mumbai
CUST610,Manish Bose,2022-08-06,Regular,Delhi
CUST611,Vivek Rao,2023-04-22,Regular,Chennai
CUST612,Sanjay Desai,2022-07-13,Regular,Kolkata
CUST613,Sanjay Malhotra,2024-02-16,Regular,Pune
CUST614,Meera Kulkarni,2024-05-24,Regular,Delhi
CUST615,Priya Gupta,2022-06-23,Regular,Ahmedabad
CUST616,Ishita Pillai,2023-03-14,Premium,Bengaluru
CUST617,Sanjay Singh,2024-03-01,Regular,Bengaluru
CUST618,Ishita Pillai,2022-07-07,Regular,Mumbai
CUST619,Harsh Reddy,2023-06-19,Regular,Chennai
CUST620,Shreya Verma,2023-07-09,Regular,Hyderabad
CUST621,Neha Kulkarni,2024-04-02,Regular,Chennai
CUST622,Shreya Rao,2023-09-22,Regular,Delhi
CUST623,Divya Bhat,2022-06-17,Regular,Pune
CUST624,Meera Kapoor,2023-06-08,Regular,Delhi
CUST625,Rohit Kapoor,2023-06-05,Regular,Mumbai
CUST626,Lakshmi Joshi,2023-11-07,Regular,Mumbai
CUST627,Aditya Sharma,2022-11-24,Premium,Mumbai
CUST628,Neha Bose,2023-11-29,Regular,Mumbai
CUST629,Gaurav Iyer,2023-06-20,Regular,Delhi
CUST630,Suresh Verma,2024-05-15,Premium,Hyderabad
CUST631,Suresh Pillai,2023-10-17,Regular,Hyderabad
CUST632,Amit Sharma,2022-08-16,Regular,Pune
CUST633,Rahul Rao,2023-01-20,Premium,Hyderabad
CUST634,Karthik Malhotra,2023-08-26,Regular,Delhi
CUST635,Nikhil Gupta,2024-05-28,Regular,Chennai
CUST636,Nisha Kulkarni,2024-01-08,Premium,Ahmedabad
CUST637,Ishita Malhotra,2022-10-06,Regular,Kolkata
CUST638,Karthik Singh,2023-05-27,Premium,Bengaluru
CUST639,Harsh Pillai,2023-03-11,Premium,Hyderabad
CUST640,Aditya Joshi,2023-11-16,Regular,Chennai
CUST641,Shreya Bose,2022-08-04,Regular,Hyderabad
CUST642,Deepak Kapoor,2024-04-02,Premium,Delhi
CUST643,Deepak Sharma,2024-02-06,Regular,Chennai
CUST644,Manish Bhat,2023-03-26,Regular,Ahmedabad
CUST645,Amit Patel,2023-05-05,Regular,Mumbai
CUST646,Pooja Bose,2023-03-22,Regular,Delhi
CUST647,Vikram Rao,2023-05-29,Regular,Bengaluru
CUST648,Priya Pillai,2023-04-18,Regular,Delhi
CUST649,Arjun Pillai,2024-03-04,Regular,Chennai
CUST650,Priya Kulkarni,2022-10-27,Regular,Pune
CUST651,Lakshmi Kulkarni,2024-01-19,,Kolkata
CUST652,Divya Rao,2024-01-11,Regular,Kolkata
CUST653,Shreya Pillai,2022-06-13,Regular,Mumbai
CUST654,Rahul Shetty,2022-06-01,Regular,Chennai
CUST655,Rahul Malhotra,2023-04-11,Regular,Hyderabad
CUST656,Nisha Malhotra,2022-10-25,Premium,Mumbai
CUST657,Pooja Verma,2023-12-20,Premium,Ahmedabad
CUST658,Vivek Singh,2022-10-04,Regular,Delhi
CUST659,Vivek Bose,2022-06-23,Regular,Ahmedabad
CUST660,Neha Patel,2023-08-11,Premium,Mumbai
CUST661,Gaurav Singh,2022-11-03,Regular,Mumbai
CUST662,Ishita Joshi,2023-11-15,Regular,Delhi
CUST663,Ishita Singh,2023-06-20,Regular,Bengaluru
CUST664,Karthik Pillai,2023-09-09,Regular,Hyderabad
CUST665,Pooja Shetty,2023-10-06,Premium,Hyderabad
CUST666,Sanjay Desai,2022-08-21,Regular,Chennai
CUST667,Sneha Malhotra,2023-08-20,Regular,Kolkata
CUST668,Nikhil Singh,2023-01-31,Regular,Delhi
CUST669,Rahul Joshi,2023-10-12,Regular,Bengaluru
CUST670,Lakshmi Sharma,2023-02-25,Premium,Mumbai
CUST671,Vikram Joshi,2023-03-21,Premium,Kolkata
CUST672,Sneha Bhat,2022-08-10,Premium,Bengaluru
CUST673,Neha Singh,2023-07-28,Regular,Chennai
CUST674,Amit Kapoor,2023-05-09,Premium,Mumbai
CUST675,Meera Shetty,2022-09-15,Premium,Mumbai
CUST676,Divya Patel,2023-12-31,Regular,Pune
CUST677,Kavya Chatterjee,2023-10-31,Premium,Delhi
CUST678,Sanjay Kulkarni,2023-09-03,Regular,Pune
CUST679,Vivek Iyer,2023-02-25,Regular,Bengaluru
CUST680,Ritu Joshi,2023-10-06,Regular,Bengaluru
CUST681,Pooja Malhotra,2022-06-24,Regular,Ahmedabad
CUST682,Harsh Menon,2024-03-08,Premium,Delhi
CUST683,Amit Singh,2023-06-18,Premium,Mumbai
CUST684,Harsh Singh,2024-01-03,Regular,Delhi
CUST685,Sneha Desai,2023-05-31,Regular,Mumbai
CUST686,Anjali Menon,2023-01-26,Regular,Pune
CUST687,Arjun Singh,2024-02-08,Premium,Delhi
CUST688,Priya Verma,2022-09-25,Regular,Mumbai
CUST689,Lakshmi Kapoor,2023-12-17,Regular,Delhi
CUST690,Meera Desai,2023-10-30,Regular,Mumbai
CUST691,Aditya Joshi,2024-05-09,Regular,Mumbai
CUST692,Divya Reddy,2022-11-14,Regular,Mumbai
CUST693,Ananya Bose,2024-02-12,Regular,Bengaluru
CUST694,Ishita Gupta,2023-11-16,Premium,Hyderabad
CUST695,Anjali Kapoor,2023-05-03,Regular,Chennai
CUST696,Ishita Malhotra,2024-01-25,Regular,Hyderabad
CUST697,Neha Pillai,2022-06-12,Regular,Delhi
CUST698,Neha Bose,2024-01-24,Regular,Mumbai
CUST699,Manish Kapoor,2024-05-10,Regular,Kolkata
CUST700,Vikram Pillai,2023-05-15,Regular,Bengaluru
CUST701,Vikram Singh,2022-10-05,Premium,Hyderabad
CUST702,Ananya Iyer,2023-02-17,Regular,Pune
CUST703,Karthik Pillai,2023-11-25,Regular,Pune
CUST704,Amit Singh,2024-01-26,Regular,Bengaluru
CUST705,Nikhil Kapoor,2023-11-30,Regular,Bengaluru
CUST706,Nisha Gupta,2024-04-21,Regular,Mumbai
CUST707,Deepak Iyer,2024-01-20,Regular,Mumbai
CUST708,Pooja Kapoor,2023-04-04,Premium,Delhi
CUST709,Meera Menon,2023-06-14,,Delhi
CUST710,Suresh Sharma,2023-04-05,Regular,Mumbai
CUST711,Karthik Joshi,2024-03-08,Regular,Ahmedabad
CUST712,Pooja Singh,2023-12-13,Regular,Kolkata
CUST713,Manish Bose,2023-01-08,Regular,Mumbai
CUST714,Sneha Singh,2023-09-01,Premium,Delhi
CUST715,Neha Chatterjee,2023-04-13,Regular,Chennai
CUST716,Aditya Bhat,2022-07-08,Regular,Chennai
CUST717,Kavya Joshi,2023-02-24,Regular,Bengaluru
CUST718,Karthik Shetty,2023-09-18,Premium,Delhi
CUST719,Gaurav Verma,2022-10-20,Premium,Delhi
CUST720,Suresh Rao,2022-09-16,Regular,Mumbai
CUST721,Kavya Kulkarni,2022-12-01,Regular,Mumbai
CUST722,Vivek Shetty,2023-06-26,Regular,Bengaluru
CUST723,Rohit Nair,2022-07-17,Regular,Mumbai
CUST724,Ritu Bose,2023-03-04,Regular,Chennai
CUST725,Swati Shetty,2023-11-16,Regular,Hyderabad
CUST726,Gaurav Shetty,2022-07-13,Regular,Bengaluru
CUST727,Vikram Patel,2023-04-06,Regular,Mumbai
CUST728,Ananya Joshi,2023-12-27,Regular,Bengaluru
CUST729,Manish Patel,2022-07-09,Regular,Mumbai
CUST730,Meera Pillai,2023-05-22,Regular,Pune
CUST731,Lakshmi Desai,2023-03-03,Regular,Bengaluru
CUST732,Rahul Malhotra,2023-09-05,Regular,Delhi
CUST733,Anjali Malhotra,2023-01-16,Premium,Delhi
CUST734,Shreya Gupta,2024-03-24,Regular,Chennai
CUST735,Ritu Joshi,2022-07-29,Premium,Mumbai
CUST736,Manish Reddy,2023-11-16,Regular,Pune
CUST737,Aditya Chatterjee,2022-07-14,Premium,Pune
CUST738,Aditya Pillai,2022-11-07,Regular,Ahmedabad
CUST739,Vikram Kulkarni,2024-04-22,Regular,Pune
CUST740,Gaurav Kapoor,2023-08-07,Regular,Bengaluru
CUST741,Divya Rao,2024-03-22,,Hyderabad
CUST742,Karthik Gupta,2022-06-06,Regular,Mumbai
CUST743,Ritu Bhat,2023-05-25,Regular,Pune
CUST744,Manish Patel,2022-11-12,Regular,Pune
CUST745,Ananya Singh,2023-11-30,Premium,Mumbai
CUST746,Sneha Patel,2023-10-12,Premium,Mumbai
CUST747,Lakshmi Joshi,2022-09-20,Regular,Mumbai
CUST748,Anjali Reddy,2024-04-30,Regular,Delhi
CUST749,Vivek Reddy,2023-01-17,Regular,Hyderabad
CUST750,Rohit Shetty,2024-02-21,Regular,Chennai
CUST751,Sneha Reddy,2023-05-05,Regular,Delhi
CUST752,Shreya Shetty,2023-08-03,Regular,Delhi
CUST753,Pooja Menon,2023-08-25,Premium,Delhi
CUST754,Divya Kulkarni,2024-03-06,Premium,Delhi
CUST755,Swati Kapoor,2022-12-17,Premium,Delhi
CUST756,Manish Malhotra,2022-07-13,Regular,Hyderabad
CUST757,Gaurav Kulkarni,2023-09-15,Regular,Mumbai
CUST758,Harsh Verma,2022-12-31,Premium,Chennai
CUST759,Pooja Rao,2024-02-10,Regular,Mumbai
CUST760,Nikhil Chatterjee,2022-06-11,Regular,Delhi
CUST761,Nikhil Reddy,2023-07-25,Regular,Mumbai
CUST762,Deepak Rao,2023-05-04,Premium,Ahmedabad
CUST763,Anjali Kulkarni,2022-12-16,Regular,Bengaluru
CUST764,Meera Rao,2023-03-28,Regular,Bengaluru
CUST765,Rahul Chatterjee,2024-01-05,Regular,Hyderabad
CUST766,Rahul Verma,2023-01-11,Regular,Mumbai
CUST767,Rahul Sharma,2023-04-03,Regular,Delhi
CUST768,Neha Shetty,2023-09-02,Regular,Kolkata
CUST769,Priya Bose,2023-04-22,,Pune
CUST770,Rahul Verma,2023-07-26,Regular,Bengaluru
CUST771,Manish Joshi,2022-10-28,Regular,Chennai
CUST772,Neha Chatterjee,2022-07-26,Regular,Bengaluru
CUST773,Vivek Kulkarni,2024-01-02,Regular,Mumbai
CUST774,Divya Kulkarni,2023-12-13,Regular,Mumbai
CUST775,Ritu Shetty,2023-07-16,Regular,Delhi
CUST776,Kavya Bose,2024-02-06,Premium,Mumbai
CUST777,Ritu Kapoor,2024-03-24,Regular,Chennai
CUST778,Swati Singh,2022-08-30,Regular,Chennai
CUST779,Vivek Bose,2022-10-11,Regular,Pune
CUST780,Nikhil Desai,2022-06-27,Regular,Kolkata
CUST781,Anjali Bhat,2022-08-06,Regular,Mumbai
CUST782,Swati Malhotra,2024-01-07,Regular,Mumbai
CUST783,Harsh Bose,2022-12-06,Regular,Bengaluru
CUST784,Priya Rao,2022-11-12,Premium,Hyderabad
CUST785,Divya Menon,2024-04-18,Premium,Pune
CUST786,Vikram Gupta,2023-08-21,Regular,Kolkata
CUST787,Rahul Verma,2023-01-12,Premium,Mumbai
CUST788,Ishita Iyer,2022-12-11,Regular,Delhi
CUST789,Pooja Sharma,2022-12-09,Premium,Chennai
CUST790,Divya Menon,2022-07-25,Regular,Mumbai
CUST791,Meera Gupta,2023-07-06,Regular,Mumbai
CUST792,Sanjay Verma,2022-12-16,Premium,Pune
CUST793,Ishita Gupta,2024-02-10,Regular,Mumbai
CUST794,Anjali Bhat,2023-05-20,Regular,Bengaluru
CUST795,Lakshmi Bhat,2023-02-19,Regular,Bengaluru
CUST796,Kavya Bose,2022-06-11,Premium,Hyderabad
CUST797,Arjun Chatterjee,2023-10-13,Premium,Chennai
CUST798,Suresh Shetty,2023-06-07,Regular,Delhi
CUST799,Kavya Singh,2022-11-26,Regular,Mumbai
CUST800,Sneha Nair,2023-03-06,Regular,Bengaluru
CUST801,Suresh Malhotra,2024-03-18,Regular,Bengaluru
CUST802,Vikram Desai,2022-12-06,Regular,Delhi
CUST803,Priya Gupta,2024-02-14,Premium,Kolkata
CUST804,Lakshmi Shetty,2022-11-14,Regular,Chennai
CUST805,Divya Bhat,2024-05-03,Regular,Delhi
CUST806,Amit Iyer,2023-09-04,Regular,Mumbai
CUST807,Gaurav Iyer,2024-02-21,Premium,Delhi
CUST808,Harsh Joshi,2023-10-24,Regular,Pune
CUST809,Karthik Singh,2024-04-17,,Mumbai
CUST810,Meera Rao,2022-12-02,Regular,Mumbai
CUST811,Sanjay Shetty,2022-07-15,Premium,Kolkata
CUST812,Nisha Kapoor,2023-05-09,Regular,Bengaluru
CUST813,Manish Desai,2023-10-28,,Delhi
CUST814,Manish Sharma,2023-03-05,Premium,Bengaluru
CUST815,Lakshmi Gupta,2022-08-14,Regular,Mumbai
CUST816,Divya Joshi,2022-07-28,Premium,Pune
CUST817,Ishita Chatterjee,2024-05-18,Regular,Bengaluru
CUST818,Aditya Joshi,2023-05-24,Premium,Bengaluru
CUST819,Rahul Menon,2022-11-03,Regular,Bengaluru
CUST820,Neha Chatterjee,2024-02-07,Premium,Delhi
CUST821,Sneha Nair,2024-01-28,Premium,Hyderabad
CUST822,Arjun Menon,2023-06-01,Regular,Mumbai
CUST823,Amit Verma,2023-09-05,Regular,Mumbai
CUST824,Ananya Kapoor,2023-10-14,Regular,Bengaluru
CUST825,Harsh Pillai,2023-07-04,Regular,Pune
CUST826,Ishita Reddy,2023-03-30,Premium,Kolkata
CUST827,Rahul Joshi,2022-06-07,Regular,Delhi
CUST828,Harsh Shetty,2023-04-18,Regular,Ahmedabad
CUST829,Vivek Desai,2024-02-19,Premium,Pune
CUST830,Rahul Bose,2022-12-01,Regular,Bengaluru
CUST831,Divya Malhotra,2023-02-17,Regular,Mumbai
CUST832,Shreya Bhat,2024-02-24,Regular,Hyderabad
CUST833,Vikram Bose,2022-12-15,Premium,Hyderabad
CUST834,Pooja Reddy,2023-09-08,Regular,Delhi
CUST835,Kavya Joshi,2024-03-05,Regular,Kolkata
CUST836,Ritu Kulkarni,2023-07-14,Regular,Mumbai
CUST837,Neha Sharma,2023-03-07,Regular,Mumbai
CUST838,Sanjay Desai,2023-06-20,Premium,Mumbai
CUST839,Kavya Rao,2023-05-21,Premium,Mumbai
CUST840,Manish Patel,2023-12-13,Premium,Mumbai
CUST841,Sanjay Verma,2023-03-31,Regular,Mumbai
CUST842,Karthik Shetty,2022-07-05,Regular,Chennai
CUST843,Deepak Kulkarni,2023-12-15,Regular,Mumbai
CUST844,Meera Sharma,2023-06-27,Regular,Bengaluru
CUST845,Deepak Iyer,2023-01-25,Regular,Pune
CUST846,Priya Bhat,2024-04-07,Regular,Delhi
CUST847,Swati Rao,2023-07-16,Premium,Ahmedabad
CUST848,Pooja Chatterjee,2024-04-21,Premium,Kolkata
CUST849,Vikram Pillai,2024-05-23,Regular,Pune
CUST850,Kavya Sharma,2023-08-23,Regular,Mumbai
CUST851,Pooja Kapoor,2023-10-24,Premium,Delhi
CUST852,Deepak Menon,2023-03-01,Premium,Mumbai
CUST853,Sanjay Singh,2022-09-28,Regular,Mumbai
CUST854,Amit Rao,2023-08-22,Premium,Bengaluru
CUST855,Anjali Pillai,2024-01-21,Regular,Chennai
CUST856,Ishita Menon,2022-07-26,Regular,Mumbai
CUST857,Sneha Sharma,2023-01-15,Regular,Mumbai
CUST858,Harsh Desai,2023-12-01,Premium,Chennai
CUST859,Sanjay Sharma,2023-04-20,Regular,Hyderabad
CUST860,Meera Sharma,2022-10-22,Regular,Pune
CUST861,Vikram Sharma,2023-06-19,Premium,Hyderabad
CUST862,Sanjay Reddy,2023-03-29,Regular,Chennai
CUST863,Ishita Pillai,2023-04-26,Regular,Kolkata
CUST864,Gaurav Patel,2022-11-17,Regular,Mumbai
CUST865,Meera Kulkarni,2022-07-11,Regular,Ahmedabad
CUST866,Gaurav Verma,2022-12-01,Premium,Pune
CUST867,Ritu Bhat,2022-10-14,Premium,Mumbai
CUST868,Gaurav Iyer,2023-11-08,Regular,Delhi
CUST869,Ananya Sharma,2024-04-28,Premium,Mumbai
CUST870,Kavya Nair,2024-01-10,Regular,Delhi
CUST871,Nisha Shetty,2023-03-17,Regular,Bengaluru
CUST872,Lakshmi Nair,2023-02-02,Regular,Chennai
CUST873,Suresh Pillai,2023-08-29,Regular,Chennai
CUST874,Anjali Kulkarni,2022-11-03,,Hyderabad
CUST875,Arjun Verma,2023-02-02,Regular,Mumbai
CUST876,Pooja Pillai,2023-12-24,Regular,Kolkata
CUST877,Harsh Singh,2023-06-16,Regular,Ahmedabad
CUST878,Amit Singh,2023-09-17,Regular,Mumbai
CUST879,Rohit Kapoor,2023-04-21,Regular,Mumbai
CUST880,Vivek Singh,2024-01-25,Regular,Mumbai
CUST881,Deepak Joshi,2023-07-05,Regular,Kolkata
CUST882,Neha Patel,2023-06-08,Premium,Bengaluru
CUST883,Karthik Pillai,2023-07-03,Regular,Delhi
CUST884,Ritu Chatterjee,2023-07-19,Regular,Delhi
CUST885,Aditya Malhotra,2023-12-09,Regular,Chennai
CUST886,Priya Bhat,2023-06-15,Regular,Pune
CUST887,Manish Kapoor,2022-07-20,Regular,Bengaluru
CUST888,Nisha Chatterjee,2024-03-22,Premium,Delhi
CUST889,Amit Iyer,2023-06-05,Premium,Bengaluru
CUST890,Sneha Patel,2023-03-08,,Kolkata
CUST891,Divya Kapoor,2023-10-16,Regular,Hyderabad
CUST892,Rohit Gupta,2022-07-16,Premium,Pune
CUST893,Aditya Chatterjee,2024-05-20,Regular,Chennai
CUST894,Nikhil Gupta,2024-03-30,Regular,Mumbai
CUST895,Meera Reddy,2023-04-20,Regular,Pune
CUST896,Sneha Shetty,2022-09-30,Regular,Hyderabad
CUST897,Priya Verma,2022-10-29,Regular,Chennai
CUST898,Lakshmi Singh,2023-07-10,Regular,Kolkata
CUST899,Lakshmi Verma,2024-03-21,Regular,Delhi
CUST900,Priya Pillai,2023-09-13,Premium,Bengaluru
CUST901,Ritu Desai,2022-07-08,Regular,Mumbai
CUST902,Arjun Joshi,2023-07-12,Regular,Hyderabad
CUST903,Swati Menon,2022-06-18,,Mumbai
CUST904,Ishita Nair,2022-10-17,Regular,Ahmedabad
CUST905,Shreya Bose,2024-04-15,Regular,Chennai
CUST906,Arjun Kapoor,2023-04-20,Regular,Kolkata
CUST907,Lakshmi Iyer,2023-01-24,Regular,Mumbai
CUST908,Arjun Iyer,2024-04-01,Regular,Mumbai
CUST909,Kavya Shetty,2023-05-08,Regular,Mumbai
CUST910,Vikram Reddy,2022-12-13,Regular,Bengaluru
CUST911,Sneha Kulkarni,2022-09-21,Regular,Mumbai
CUST912,Pooja Singh,2023-04-18,Premium,Hyderabad
CUST913,Amit Bhat,2023-09-29,Regular,Bengaluru
CUST914,Sanjay Kulkarni,2022-10-22,Regular,Hyderabad
CUST915,Deepak Reddy,2023-09-06,Premium,Bengaluru
CUST916,Manish Sharma,2022-12-10,Regular,Chennai
CUST917,Deepak Sharma,2023-12-19,Regular,Bengaluru
CUST918,Kavya Patel,2022-10-21,Regular,Hyderabad
CUST919,Ananya Kulkarni,2022-07-14,,Mumbai
CUST920,Kavya Nair,2023-01-20,Premium,Chennai
CUST921,Shreya Joshi,2024-05-22,Premium,Bengaluru
CUST922,Karthik Bose,2023-01-15,Regular,Delhi
CUST923,Vikram Bose,2023-05-18,Regular,Mumbai
CUST924,Ananya Bose,2022-09-17,Regular,Chennai
CUST925,Manish Iyer,2022-12-29,Regular,Delhi
CUST926,Rohit Singh,2023-11-14,Regular,Delhi
CUST927,Pooja Iyer,2023-10-20,Regular,Mumbai
CUST928,Rahul Singh,2024-04-19,Regular,Pune
CUST929,Ritu Chatterjee,2023-03-03,Premium,Mumbai
CUST930,Priya Bhat,2024-05-26,Regular,Mumbai
CUST931,Swati Desai,2024-03-07,Regular,Hyderabad
CUST932,Pooja Rao,2023-04-25,Premium,Pune
CUST933,Aditya Chatterjee,2024-02-26,Premium,Pune
CUST934,Sneha Patel,2023-02-20,Regular,Kolkata
CUST935,Shreya Desai,2022-09-24,Regular,Pune
CUST936,Arjun Reddy,2023-05-29,Regular,Bengaluru
CUST937,Kavya Chatterjee,2023-05-15,Premium,Bengaluru
CUST938,Harsh Bose,2024-01-27,Regular,Pune
CUST939,Arjun Rao,2023-07-26,Regular,Mumbai
CUST940,Neha Verma,2023-04-15,Regular,Delhi
CUST941,Nisha Rao,2023-05-10,Premium,Ahmedabad
CUST942,Anjali Singh,2024-01-14,Premium,Chennai
CUST943,Shreya Nair,2023-02-28,Premium,Pune
CUST944,Rohit Singh,2022-09-12,Premium,Chennai
CUST945,Sneha Verma,2023-01-23,Regular,Bengaluru
CUST946,Sneha Gupta,2023-11-27,Premium,Bengaluru
CUST947,Arjun Rao,2022-07-23,Premium,Chennai
CUST948,Vivek Sharma,2024-03-02,Regular,Hyderabad
CUST949,Sanjay Reddy,2023-07-25,,Chennai
CUST950,Ishita Menon,2022-10-15,,Delhi
CUST951,Arjun Gupta,2023-01-29,Regular,Kolkata
CUST952,Aditya Rao,2022-12-01,Regular,Bengaluru
CUST953,Divya Sharma,2022-10-16,Regular,Mumbai
CUST954,Pooja Singh,2023-10-07,Regular,Kolkata
CUST955,Arjun Joshi,2023-10-14,Premium,Chennai
CUST956,Swati Pillai,2024-04-20,Regular,Mumbai
CUST957,Divya Menon,2023-06-08,Premium,Mumbai
CUST958,Shreya Gupta,2024-01-05,Regular,Delhi
CUST959,Divya Bose,2022-11-29,Premium,Delhi
CUST960,Swati Joshi,2023-12-19,Regular,Ahmedabad
CUST961,Divya Nair,2023-03-01,Regular,Chennai
CUST962,Divya Gupta,2023-05-17,Premium,Delhi
CUST963,Neha Menon,2023-01-05,Regular,Hyderabad
CUST964,Rahul Joshi,2024-05-26,Regular,Delhi
CUST965,Vivek Gupta,2023-02-17,Regular,Mumbai
CUST966,Ishita Sharma,2022-11-24,Premium,Bengaluru
CUST967,Sneha Chatterjee,2022-10-13,Premium,Pune
CUST968,Pooja Gupta,2024-04-17,Regular,Delhi
CUST969,Pooja Chatterjee,2023-09-21,Regular,Delhi
CUST970,Karthik Bose,2022-08-06,Regular,Delhi
CUST971,Kavya Bhat,2023-05-27,Regular,Mumbai
CUST972,Lakshmi Reddy,2023-09-23,Regular,Mumbai
CUST973,Deepak Patel,2023-10-08,Regular,Delhi
CUST974,Manish Nair,2023-08-21,Regular,Ahmedabad
CUST975,Deepak Malhotra,2023-08-22,Regular,Hyderabad
CUST976,Manish Kulkarni,2023-05-19,Premium,Mumbai
CUST977,Ananya Bose,2022-12-08,Regular,Mumbai
CUST978,Kavya Bose,2023-10-16,Regular,Mumbai
CUST979,Suresh Verma,2023-07-18,Regular,Delhi
CUST980,Nikhil Bose,2023-10-01,Regular,Delhi
CUST981,Amit Sharma,2022-10-24,Regular,Mumbai
CUST982,Nisha Malhotra,2023-06-15,Premium,Hyderabad
CUST983,Rohit Sharma,2023-09-05,Regular,Kolkata
CUST984,Nisha Malhotra,2022-08-02,Premium,Pune
CUST985,Sanjay Iyer,2022-10-02,Regular,Bengaluru
CUST986,Anjali Iyer,2024-05-16,Regular,Mumbai
CUST987,Karthik Menon,2023-02-04,Regular,Pune
CUST988,Shreya Pillai,2023-12-21,Premium,Bengaluru
CUST989,Aditya Bhat,2023-02-10,Regular,Pune
CUST990,Sneha Reddy,2023-12-18,Regular,Mumbai
CUST991,Vikram Kapoor,2022-10-27,Regular,Mumbai
CUST992,Arjun Joshi,2023-03-07,Premium,Delhi
CUST993,Arjun Nair,2024-05-04,Premium,Mumbai
CUST994,Ritu Desai,2024-01-14,Regular,Kolkata
CUST995,Anjali Patel,2023-02-12,Regular,Hyderabad
CUST996,Shreya Desai,2022-08-01,Premium,Bengaluru
CUST997,Aditya Joshi,2022-07-22,Regular,Bengaluru
CUST998,Meera Sharma,2023-09-25,Premium,Mumbai
CUST999,Sanjay Menon,2023-07-12,Premium,Kolkata
CUST1000,Ishita Shetty,2023-12-17,Regular,Mumbai
CUST1001,Rahul Verma,2022-08-26,Regular,Chennai
CUST1002,Nisha Verma,2022-09-04,Premium,Mumbai
CUST1003,Ananya Verma,2023-09-23,Regular,Mumbai
CUST1004,Vivek Reddy,2022-10-19,Regular,Kolkata
CUST1005,Sanjay Iyer,2023-03-05,Premium,Kolkata
CUST1006,Karthik Kapoor,2024-01-18,Regular,Pune
CUST1007,Sanjay Patel,2023-10-03,Premium,Hyderabad
CUST1008,Swati Shetty,2023-04-16,Regular,Mumbai
CUST1009,Kavya Pillai,2023-08-10,Regular,Kolkata
CUST1010,Priya Kulkarni,2023-02-11,Premium,Pune
CUST1011,Shreya Desai,2022-07-24,Premium,Mumbai
CUST1012,Ishita Bhat,2023-11-15,Regular,Pune
CUST1013,Vikram Malhotra,2023-03-08,Premium,Bengaluru
CUST1014,Vivek Patel,2023-02-02,Regular,Delhi
CUST1015,Ananya Desai,2023-11-21,Regular,Pune
CUST1016,Harsh Desai,2022-07-29,Premium,Chennai
CUST1017,Meera Gupta,2023-09-11,,Bengaluru
CUST1018,Harsh Verma,2024-03-07,Regular,Delhi
CUST1019,Ananya Gupta,2024-02-21,Premium,Delhi
CUST1020,Rahul Bhat,2023-10-11,Regular,Chennai
CUST1021,Ritu Menon,2023-08-13,Premium,Chennai
CUST1022,Karthik Desai,2022-12-22,Regular,Pune
CUST1023,Gaurav Menon,2023-02-22,Regular,Chennai
CUST1024,Ananya Verma,2022-10-20,Premium,Bengaluru
CUST1025,Nikhil Reddy,2023-06-11,Regular,Kolkata
CUST1026,Karthik Kulkarni,2024-05-04,Regular,Mumbai
CUST1027,Anjali Bose,2022-06-02,Regular,Ahmedabad
CUST1028,Rahul Chatterjee,2022-11-13,Regular,Kolkata
CUST1029,Amit Patel,2023-03-04,Regular,Delhi
CUST1030,Nikhil Joshi,2023-03-29,Premium,Mumbai
CUST1031,Lakshmi Malhotra,2023-05-11,Regular,Hyderabad
CUST1032,Meera Singh,2022-11-02,Premium,Delhi
CUST1033,Shreya Pillai,2023-07-28,Regular,Chennai
CUST1034,Karthik Shetty,2024-03-26,Regular,Bengaluru
CUST1035,Sanjay Desai,2022-10-21,Regular,Delhi
CUST1036,Lakshmi Sharma,2022-07-16,Premium,Delhi
CUST1037,Deepak Patel,2023-03-01,Premium,Delhi
CUST1038,Karthik Reddy,2022-08-18,Regular,Mumbai
CUST1039,Shreya Pillai,2024-05-29,Premium,Delhi
CUST1040,Swati Chatterjee,2023-02-03,Regular,Delhi
CUST1041,Gaurav Joshi,2024-03-17,Regular,Mumbai
CUST1042,Sanjay Nair,2024-02-11,Regular,Hyderabad
CUST1043,Nisha Rao,2024-02-18,Regular,Kolkata
CUST1044,Swati Kapoor,2023-01-24,Regular,Ahmedabad
CUST1045,Vikram Reddy,2023-10-14,Regular,Mumbai
CUST1046,Shreya Sharma,2024-03-12,Premium,Hyderabad
CUST1047,Shreya Patel,2022-10-10,Regular,Mumbai
CUST1048,Gaurav Joshi,2023-02-13,Regular,Mumbai
CUST1049,Meera Singh,2023-03-14,,Hyderabad
CUST1050,Vivek Iyer,2022-09-18,Regular,Mumbai
CUST1051,Neha Gupta,2023-04-05,Premium,Pune
CUST1052,Vivek Bose,2024-02-29,Premium,Chennai
CUST1053,Nisha Sharma,2024-02-22,Regular,Chennai
CUST1054,Meera Iyer,2023-08-11,Regular,Bengaluru
CUST1055,Rohit Reddy,2022-07-09,Regular,Bengaluru
CUST1056,Shreya Desai,2023-05-03,Regular,Ahmedabad
CUST1057,Swati Joshi,2023-01-27,Regular,Hyderabad
CUST1058,Meera Singh,2022-12-09,Regular,Pune
CUST1059,Ritu Bhat,2024-03-16,Premium,Delhi
CUST1060,Gaurav Shetty,2023-08-03,Regular,Hyderabad
CUST1061,Vikram Joshi,2023-06-10,Regular,Bengaluru
CUST1062,Nisha Iyer,2023-09-24,Regular,Chennai
CUST1063,Pooja Chatterjee,2022-07-23,Regular,Bengaluru
CUST1064,Aditya Menon,2023-12-05,Premium,Hyderabad
CUST1065,Meera Sharma,2022-07-02,Regular,Pune
CUST1066,Aditya Bose,2022-07-21,Regular,Kolkata
CUST1067,Gaurav Nair,2023-10-26,Premium,Mumbai
CUST1068,Ritu Malhotra,2024-01-10,Regular,Hyderabad
CUST1069,Anjali Bose,2022-06-10,Regular,Bengaluru
CUST1070,Lakshmi Verma,2022-07-07,Regular,Pune
CUST1071,Vikram Verma,2023-11-04,Premium,Hyderabad
CUST1072,Sneha Desai,2023-06-12,Regular,Mumbai
CUST1073,Vikram Pillai,2022-11-06,Premium,Chennai
CUST1074,Lakshmi Singh,2023-11-18,Premium,Kolkata
CUST1075,Rahul Malhotra,2022-11-20,Regular,Delhi
CUST1076,Vivek Reddy,2024-03-31,Premium,Delhi
CUST1077,Vikram Bose,2023-07-18,Premium,Hyderabad
CUST1078,Priya Reddy,2023-10-08,Premium,Hyderabad
CUST1079,Anjali Malhotra,2022-09-04,Premium,Chennai
CUST1080,Amit Shetty,2023-11-10,Premium,Bengaluru
CUST1081,Shreya Chatterjee,2022-09-06,Regular,Hyderabad
CUST1082,Amit Patel,2024-04-05,Regular,Delhi
CUST1083,Manish Kapoor,2023-07-09,Regular,Kolkata
CUST1084,Sanjay Reddy,2024-04-28,Regular,Delhi
CUST1085,Meera Sharma,2023-10-31,Premium,Bengaluru
CUST1086,Manish Chatterjee,2024-02-05,Premium,Delhi
CUST1087,Ishita Singh,2024-03-01,Regular,Chennai
CUST1088,Gaurav Reddy,2022-07-18,Regular,Pune
CUST1089,Arjun Pillai,2022-08-20,Premium,Kolkata
CUST1090,Manish Menon,2024-02-02,Regular,Delhi
CUST1091,Priya Desai,2023-02-07,Regular,Pune
CUST1092,Neha Kulkarni,2022-11-03,Premium,Mumbai
CUST1093,Ritu Kulkarni,2023-05-23,Regular,Delhi
CUST1094,Priya Bhat,2023-01-02,Regular,Ahmedabad
CUST1095,Vikram Rao,2024-05-02,Regular,Hyderabad
CUST1096,Divya Chatterjee,2022-08-13,Regular,Delhi
CUST1097,Gaurav Shetty,2023-02-24,Regular,Delhi
CUST1098,Sanjay Verma,2022-10-01,Premium,Delhi
CUST1099,Amit Kulkarni,2023-11-24,Regular,Mumbai
CUST1100,Pooja Kulkarni,2022-11-21,Regular,Mumbai
CUST1101,Ritu Iyer,2024-01-03,Regular,Bengaluru
CUST1102,Deepak Kapoor,2022-10-29,Regular,Delhi
CUST1103,Vivek Menon,2024-01-03,Regular,Delhi
CUST1104,Vikram Bhat,2024-05-17,Regular,Bengaluru
CUST1105,Kavya Iyer,2024-02-25,Regular,Delhi
CUST1106,Rohit Bhat,2023-06-30,Regular,Bengaluru
CUST1107,Kavya Malhotra,2022-06-18,Premium,Delhi
CUST1108,Vivek Desai,2023-07-22,Regular,Delhi
CUST1109,Kavya Malhotra,2024-03-31,Premium,Mumbai
CUST1110,Neha Kapoor,2022-10-09,,Chennai
CUST1111,Neha Chatterjee,2023-05-30,Premium,Delhi
CUST1112,Ishita Reddy,2022-11-29,Regular,Ahmedabad
CUST1113,Lakshmi Joshi,2023-10-28,Premium,Kolkata
CUST1114,Aditya Shetty,2023-11-10,Regular,Hyderabad
CUST1115,Rahul Malhotra,2022-12-11,Regular,Mumbai
CUST1116,Anjali Bhat,2023-03-24,Premium,Mumbai
CUST1117,Shreya Verma,2023-03-23,Regular,Bengaluru
CUST1118,Harsh Iyer,2022-10-18,Regular,Delhi
CUST1119,Amit Nair,2022-09-15,Premium,Delhi
CUST1120,Nikhil Rao,2024-05-26,Premium,Mumbai
CUST1121,Shreya Kulkarni,2022-07-09,Regular,Kolkata
CUST1122,Aditya Patel,2022-07-16,Regular,Pune
CUST1123,Amit Verma,2023-04-23,Regular,Kolkata
CUST1124,Nikhil Joshi,2023-06-07,Regular,Hyderabad
CUST1125,Ritu Nair,2023-01-21,Regular,Delhi
CUST1126,Ritu Menon,2023-08-31,Regular,Mumbai
CUST1127,Neha Desai,2023-10-11,Premium,Pune
CUST1128,Aditya Menon,2022-08-05,Premium,Mumbai
CUST1129,Vivek Desai,2022-08-10,Regular,Pune
CUST1130,Sanjay Verma,2023-09-28,Premium,Pune
CUST1131,Harsh Chatterjee,2023-06-28,,Chennai
CUST1132,Ananya Kulkarni,2024-01-28,,Bengaluru
CUST1133,Divya Menon,2023-05-04,Regular,Mumbai
CUST1134,Lakshmi Kapoor,2022-12-22,Regular,Mumbai
CUST1135,Aditya Shetty,2022-09-05,Regular,Chennai
CUST1136,Vikram Menon,2023-08-21,Premium,Bengaluru
CUST1137,Arjun Patel,2022-06-28,Regular,Delhi
CUST1138,Harsh Bose,2022-09-04,Regular,Hyderabad
CUST1139,Amit Chatterjee,2024-03-09,Premium,Chennai
CUST1140,Ritu Shetty,2024-05-26,Regular,Chennai
CUST1141,Rahul Iyer,2023-03-11,Regular,Hyderabad
CUST1142,Vikram Bhat,2022-08-23,Regular,Delhi
CUST1143,Meera Rao,2023-02-20,Premium,Bengaluru
CUST1144,Gaurav Kulkarni,2022-10-22,Regular,Hyderabad
CUST1145,Neha Iyer,2023-01-03,Premium,Bengaluru
CUST1146,Rahul Sharma,2023-08-12,Regular,Delhi
CUST1147,Gaurav Shetty,2022-09-17,Regular,Chennai
CUST1148,Manish Rao,2023-12-26,Regular,Hyderabad
CUST1149,Manish Kulkarni,2022-08-09,Premium,Mumbai
CUST1150,Lakshmi Chatterjee,2024-03-04,Regular,Delhi
CUST1151,Meera Chatterjee,2024-04-07,,Hyderabad
CUST1152,Kavya Gupta,2023-04-30,Regular,Pune
CUST1153,Suresh Malhotra,2024-04-21,Premium,Bengaluru
CUST1154,Rahul Desai,2022-11-13,Premium,Bengaluru
CUST1155,Nikhil Menon,2024-01-13,Regular,Delhi
CUST1156,Deepak Sharma,2024-04-11,Regular,Chennai
CUST1157,Nikhil Iyer,2023-11-06,Premium,Bengaluru
CUST1158,Kavya Joshi,2023-11-08,Premium,Kolkata
CUST1159,Priya Malhotra,2024-03-19,Premium,Kolkata
CUST1160,Sanjay Iyer,2022-09-29,Regular,Bengaluru
CUST1161,Neha Patel,2022-11-02,Regular,Bengaluru
CUST1162,Swati Gupta,2023-01-31,Regular,Chennai
CUST1163,Aditya Rao,2022-07-03,Regular,Delhi
CUST1164,Amit Sharma,2023-01-08,Premium,Pune
CUST1165,Aditya Kulkarni,2022-12-09,Regular,Mumbai
CUST1166,Ritu Gupta,2023-12-21,Regular,Mumbai
CUST1167,Swati Malhotra,2023-08-15,Regular,Ahmedabad
CUST1168,Rohit Bose,2023-08-27,Premium,Chennai
CUST1169,Vivek Chatterjee,2024-03-29,Premium,Delhi
CUST1170,Karthik Chatterjee,2022-11-18,Premium,Kolkata
CUST1171,Amit Malhotra,2023-03-31,Regular,Pune
CUST1172,Rohit Desai,2024-02-18,Regular,Mumbai
CUST1173,Gaurav Chatterjee,2022-07-25,Regular,Mumbai
CUST1174,Nikhil Iyer,2023-01-21,Premium,Delhi
CUST1175,Nisha Joshi,2023-01-06,Premium,Bengaluru
CUST1176,Ritu Rao,2024-05-25,Premium,Chennai
CUST1177,Lakshmi Menon,2023-10-08,Premium,Hyderabad
CUST1178,Rohit Bhat,2024-02-27,Regular,Bengaluru
CUST1179,Arjun Bhat,2022-11-20,Regular,Chennai
CUST1180,Divya Desai,2024-02-16,Regular,Mumbai
CUST1181,Nikhil Patel,2023-02-18,Premium,Chennai
CUST1182,Aditya Rao,2023-12-17,Premium,Delhi
CUST1183,Priya Verma,2023-02-05,Regular,Chennai
CUST1184,Deepak Iyer,2022-12-26,Premium,Bengaluru
CUST1185,Harsh Nair,2022-10-05,Regular,Bengaluru
CUST1186,Rohit Bhat,2022-07-02,Regular,Delhi
CUST1187,Ritu Sharma,2022-11-05,Premium,Hyderabad
CUST1188,Swati Bose,2023-06-27,Regular,Mumbai
CUST1189,Divya Patel,2022-11-23,Regular,Delhi
CUST1190,Pooja Gupta,2022-08-03,Regular,Bengaluru
CUST1191,Swati Joshi,2023-08-29,Regular,Delhi
CUST1192,Divya Iyer,2023-12-18,Premium,Delhi
CUST1193,Swati Shetty,2023-03-24,Regular,Mumbai
CUST1194,Nisha Chatterjee,2023-09-04,Premium,Hyderabad
CUST1195,Anjali Desai,2022-10-11,Premium,Delhi
CUST1196,Swati Singh,2024-02-16,Premium,Mumbai
CUST1197,Gaurav Singh,2023-03-08,Regular,Mumbai
CUST1198,Manish Chatterjee,2022-08-26,Regular,Kolkata
CUST1199,Rahul Bhat,2023-02-20,Premium,Bengaluru
CUST1200,Rahul Joshi,2023-01-24,Regular,Chennai
CUST1201,Anjali Malhotra,2024-04-18,Regular,Mumbai
CUST1202,Amit Bhat,2024-02-06,Regular,Pune
CUST1203,Deepak Pillai,2023-01-20,Regular,Bengaluru
CUST1204,Sneha Joshi,2022-06-18,Regular,Delhi
CUST1205,Vivek Bose,2023-05-30,Regular,Mumbai
CUST1206,Divya Chatterjee,2022-06-24,Premium,Bengaluru
CUST1207,Manish Verma,2022-08-24,Regular,Bengaluru
CUST1208,Deepak Nair,2023-07-11,Regular,Delhi
CUST1209,Ishita Malhotra,2023-03-06,Regular,Pune
CUST1210,Ritu Nair,2022-10-19,Regular,Delhi
CUST1211,Rahul Chatterjee,2024-03-28,Regular,Mumbai
CUST1212,Nikhil Singh,2023-08-11,,Chennai
CUST1213,Ananya Bhat,2023-02-04,Regular,Chennai
CUST1214,Shreya Rao,2023-11-29,Regular,Kolkata
CUST1215,Sneha Sharma,2023-09-18,Regular,Bengaluru
CUST1216,Pooja Kapoor,2022-11-14,Premium,Mumbai
CUST1217,Amit Joshi,2024-01-18,Regular,Kolkata
CUST1218,Vikram Malhotra,2022-08-24,Regular,Delhi
CUST1219,Sanjay Bhat,2022-09-29,Premium,Pune
CUST1220,Neha Singh,2022-10-15,Regular,Delhi
CUST1221,Amit Gupta,2022-08-21,Regular,Bengaluru
CUST1222,Ananya Menon,2024-04-30,,Kolkata
CUST1223,Gaurav Desai,2023-12-11,Regular,Ahmedabad
CUST1224,Deepak Kulkarni,2022-12-28,Regular,Chennai
CUST1225,Divya Kapoor,2023-10-19,Regular,Bengaluru
CUST1226,Meera Singh,2022-10-01,Regular,Bengaluru
CUST1227,Rahul Chatterjee,2023-07-03,Regular,Bengaluru
CUST1228,Suresh Patel,2022-11-25,Premium,Mumbai
CUST1229,Vivek Joshi,2023-08-23,Premium,Pune
CUST1230,Nikhil Malhotra,2024-02-16,Regular,Chennai
CUST1231,Priya Bhat,2023-12-12,Premium,Mumbai
CUST1232,Karthik Rao,2023-04-20,Premium,Delhi
CUST1233,Nikhil Bhat,2022-08-08,Premium,Bengaluru
CUST1234,Ishita Reddy,2023-01-20,Regular,Delhi
CUST1235,Amit Verma,2022-08-05,Regular,Kolkata
CUST1236,Ishita Verma,2023-08-01,Regular,Delhi
CUST1237,Arjun Menon,2022-08-13,Regular,Hyderabad
CUST1238,Swati Iyer,2023-04-30,Regular,Mumbai
CUST1239,Nikhil Singh,2023-08-13,Regular,Kolkata
CUST1240,Vikram Kapoor,2023-05-11,,Mumbai
CUST1241,Shreya Bhat,2023-10-11,Regular,Delhi
CUST1242,Pooja Bose,2024-03-08,Premium,Hyderabad
CUST1243,Vivek Reddy,2023-12-16,Premium,Hyderabad
CUST1244,Kavya Iyer,2023-04-07,Regular,Kolkata
CUST1245,Vivek Pillai,2023-05-17,Premium,Chennai
CUST1246,Deepak Malhotra,2023-07-07,Regular,Mumbai
CUST1247,Manish Chatterjee,2023-05-12,Premium,Chennai
CUST1248,Harsh Iyer,2024-05-01,Regular,Bengaluru
CUST1249,Gaurav Reddy,2023-02-09,Premium,Delhi
CUST1250,Sneha Kapoor,2024-01-20,Regular,Mumbai
CUST1251,Arjun Kulkarni,2022-08-31,Regular,Chennai
CUST1252,Manish Iyer,2024-04-27,Regular,Bengaluru
CUST1253,Kavya Kulkarni,2024-05-12,Regular,Pune
CUST1254,Meera Patel,2023-12-14,Regular,Bengaluru
CUST1255,Nikhil Menon,2022-10-06,Regular,Hyderabad
CUST1256,Meera Nair,2024-05-19,Regular,Kolkata
CUST1257,Karthik Sharma,2023-12-22,Regular,Ahmedabad
CUST1258,Sanjay Patel,2023-08-27,Premium,Delhi
CUST1259,Rohit Reddy,2023-07-20,Regular,Mumbai
CUST1260,Priya Kapoor,2024-03-08,Regular,Mumbai
CUST1261,Vikram Joshi,2024-02-25,Regular,Mumbai
CUST1262,Sanjay Nair,2023-06-04,Premium,Kolkata
CUST1263,Meera Bhat,2024-02-03,Regular,Mumbai
CUST1264,Swati Rao,2022-06-29,Premium,Bengaluru
CUST1265,Ananya Singh,2022-08-02,Regular,Mumbai
CUST1266,Anjali Bhat,2022-07-28,Regular,Mumbai
CUST1267,Ananya Bhat,2023-06-02,Regular,Mumbai
CUST1268,Meera Gupta,2023-06-09,Regular,Mumbai
CUST1269,Swati Reddy,2023-07-01,Regular,Hyderabad
CUST1270,Pooja Rao,2023-07-26,Premium,Pune
CUST1271,Neha Menon,2023-09-16,Regular,Mumbai
CUST1272,Harsh Singh,2023-05-16,Regular,Mumbai
CUST1273,Karthik Joshi,2024-05-11,Premium,Mumbai
CUST1274,Anjali Sharma,2023-01-20,Premium,Bengaluru
CUST1275,Arjun Gupta,2023-01-01,Regular,Delhi
CUST1276,Harsh Verma,2024-01-20,Regular,Bengaluru
CUST1277,Swati Kapoor,2022-12-23,Regular,Chennai
CUST1278,Rahul Joshi,2022-06-20,Regular,Chennai
CUST1279,Suresh Desai,2024-02-11,Regular,Bengaluru
CUST1280,Vikram Kapoor,2022-10-27,Regular,Hyderabad
CUST1281,Aditya Reddy,2023-06-15,Regular,Mumbai
CUST1282,Rohit Sharma,2022-08-14,Regular,Delhi
CUST1283,Vivek Verma,2023-03-26,Premium,Chennai
CUST1284,Divya Kapoor,2024-04-19,Regular,Kolkata
CUST1285,Sneha Rao,2022-12-25,Premium,Bengaluru
CUST1286,Priya Nair,2023-12-28,Premium,Kolkata
CUST1287,Sanjay Desai,2024-05-19,Premium,Delhi
CUST1288,Rahul Desai,2024-01-20,Regular,Pune
CUST1289,Ishita Patel,2022-09-13,Regular,Hyderabad
CUST1290,Aditya Bhat,2022-10-20,Premium,Mumbai
CUST1291,Rahul Bose,2023-03-26,Regular,Chennai
CUST1292,Ananya Kapoor,2022-08-28,Premium,Hyderabad
CUST1293,Arjun Rao,2024-05-13,Regular,Hyderabad
CUST1294,Anjali Shetty,2023-08-25,Premium,Kolkata
CUST1295,Vivek Gupta,2024-03-29,Premium,Chennai
CUST1296,Meera Chatterjee,2023-07-14,Premium,Bengaluru
CUST1297,Shreya Bose,2022-06-27,Regular,Hyderabad
CUST1298,Pooja Menon,2023-08-14,Regular,Delhi
CUST1299,Sanjay Reddy,2022-09-25,Regular,Hyderabad
CUST1300,Rahul Nair,2022-06-19,Regular,Mumbai
CUST1301,Divya Bose,2022-12-01,Regular,Mumbai
CUST1302,Kavya Nair,2022-12-21,Regular,Bengaluru
CUST1303,Kavya Verma,2023-03-29,Regular,Chennai
CUST1304,Vivek Rao,2024-01-23,Regular,Bengaluru
CUST1305,Ritu Sharma,2022-12-14,Regular,Hyderabad
CUST1306,Sneha Rao,2023-04-24,Regular,Delhi
CUST1307,Meera Singh,2023-04-22,Regular,Ahmedabad
CUST1308,Anjali Malhotra,2023-07-12,Premium,Delhi
CUST1309,Ritu Chatterjee,2023-05-29,Regular,Hyderabad
CUST1310,Nisha Shetty,2023-10-07,Premium,Delhi
CUST1311,Pooja Kulkarni,2022-11-19,Regular,Bengaluru
CUST1312,Rohit Chatterjee,2023-03-12,Premium,Bengaluru
CUST1313,Harsh Desai,2023-07-07,Premium,Mumbai
CUST1314,Meera Rao,2023-02-05,Regular,Delhi
CUST1315,Swati Joshi,2023-07-27,Premium,Pune
CUST1316,Priya Reddy,2022-09-25,Regular,Bengaluru
CUST1317,Sanjay Pillai,2023-02-17,Regular,Delhi
CUST1318,Aditya Shetty,2024-01-05,Regular,Pune
CUST1319,Anjali Iyer,2022-07-01,Regular,Mumbai
CUST1320,Rohit Iyer,2022-06-03,Regular,Mumbai
CUST1321,Swati Gupta,2023-12-17,Regular,Delhi
CUST1322,Swati Menon,2023-03-31,Regular,Delhi
CUST1323,Sanjay Kapoor,2023-11-21,,Chennai
CUST1324,Rohit Singh,2022-07-06,Premium,Mumbai
CUST1325,Karthik Nair,2023-09-15,Regular,Bengaluru
CUST1326,Rahul Patel,2023-02-19,Regular,Delhi
CUST1327,Ishita Iyer,2024-01-20,Premium,Bengaluru
CUST1328,Manish Chatterjee,2023-04-10,Regular,Bengaluru
CUST1329,Meera Singh,2023-11-12,Premium,Hyderabad
CUST1330,Gaurav Bhat,2023-06-14,Premium,Mumbai
CUST1331,Vivek Shetty,2023-03-02,Premium,Hyderabad
CUST1332,Amit Joshi,2023-07-09,Regular,Chennai
CUST1333,Rohit Patel,2022-10-27,Regular,Bengaluru
CUST1334,Sanjay Shetty,2023-08-14,Premium,Ahmedabad
CUST1335,Sanjay Nair,2022-12-23,Regular,Hyderabad
CUST1336,Nisha Shetty,2023-03-03,Regular,Ahmedabad
CUST1337,Ritu Patel,2024-02-25,Regular,Pune
CUST1338,Suresh Rao,2024-03-08,Premium,Chennai
CUST1339,Shreya Bose,2022-07-19,Regular,Pune
CUST1340,Suresh Bose,2023-05-22,Regular,Bengaluru
CUST1341,Divya Nair,2023-07-14,Regular,Bengaluru
CUST1342,Anjali Patel,2024-02-15,Regular,Delhi
CUST1343,Deepak Desai,2024-05-01,Regular,Delhi
CUST1344,Anjali Bhat,2022-07-08,Premium,Bengaluru
CUST1345,Anjali Singh,2024-01-07,Regular,Pune
CUST1346,Karthik Iyer,2023-07-20,Regular,Kolkata
CUST1347,Aditya Desai,2023-07-04,Regular,Bengaluru
CUST1348,Pooja Joshi,2023-11-21,Regular,Mumbai
CUST1349,Vivek Chatterjee,2023-09-06,Regular,Hyderabad
CUST1350,Sneha Nair,2024-04-16,Premium,Pune
CUST1351,Meera Bhat,2022-09-14,Regular,Mumbai
CUST1352,Ananya Chatterjee,2023-07-14,Premium,Hyderabad
CUST1353,Nisha Menon,2024-03-11,Regular,Mumbai
CUST1354,Rohit Joshi,2024-01-17,Regular,Chennai
CUST1355,Manish Sharma,2023-07-12,Premium,Hyderabad
CUST1356,Aditya Reddy,2024-05-27,Regular,Chennai
CUST1357,Ritu Patel,2023-08-03,Premium,Delhi
CUST1358,Gaurav Malhotra,2022-07-13,Regular,Hyderabad
CUST1359,Lakshmi Desai,2024-04-23,Regular,Bengaluru
CUST1360,Sneha Singh,2022-09-04,Premium,Bengaluru
CUST1361,Vivek Sharma,2023-04-11,Premium,Mumbai
CUST1362,Nikhil Gupta,2023-04-20,Regular,Delhi
CUST1363,Arjun Shetty,2024-02-13,Regular,Kolkata
CUST1364,Pooja Shetty,2022-08-31,Regular,Chennai
CUST1365,Ananya Menon,2023-03-31,Regular,Bengaluru
CUST1366,Lakshmi Chatterjee,2024-05-25,Regular,Delhi
CUST1367,Vivek Chatterjee,2023-07-22,Regular,Bengaluru
CUST1368,Rohit Gupta,2023-05-28,Premium,Mumbai
CUST1369,Lakshmi Bose,2023-07-05,Regular,Mumbai
CUST1370,Manish Sharma,2023-05-06,Regular,Mumbai
CUST1371,Deepak Patel,2023-04-29,Regular,Delhi
CUST1372,Sanjay Nair,2022-12-09,Regular,Pune
CUST1373,Meera Verma,2023-04-16,Regular,Mumbai
CUST1374,Vivek Desai,2023-07-15,Regular,Kolkata
CUST1375,Lakshmi Gupta,2024-02-22,Regular,Hyderabad
CUST1376,Ritu Patel,2022-08-10,Premium,Hyderabad
CUST1377,Suresh Shetty,2022-09-01,Premium,Delhi
CUST1378,Sneha Kulkarni,2023-08-15,Premium,Mumbai
CUST1379,Gaurav Gupta,2023-10-02,Regular,Kolkata
CUST1380,Karthik Shetty,2023-06-11,Regular,Delhi
CUST1381,Aditya Pillai,2024-03-18,Regular,Chennai
CUST1382,Pooja Malhotra,2022-11-03,,Bengaluru
CUST1383,Sneha Kulkarni,2023-03-04,Regular,Ahmedabad
CUST1384,Arjun Desai,2022-08-16,Regular,Mumbai
CUST1385,Kavya Malhotra,2022-07-26,Regular,Hyderabad
CUST1386,Ishita Gupta,2023-04-11,Regular,Delhi
CUST1387,Swati Malhotra,2023-10-09,Premium,Mumbai
CUST1388,Ananya Malhotra,2022-07-05,Regular,Bengaluru
CUST1389,Amit Iyer,2022-10-19,Premium,Bengaluru
CUST1390,Swati Patel,2022-07-24,Regular,Hyderabad
CUST1391,Vivek Iyer,2024-01-27,Regular,Kolkata
CUST1392,Meera Gupta,2023-09-11,Regular,Delhi
CUST1393,Neha Kulkarni,2023-01-14,Premium,Chennai
CUST1394,Pooja Chatterjee,2024-02-14,Premium,Pune
CUST1395,Lakshmi Reddy,2022-06-25,Regular,Mumbai
CUST1396,Lakshmi Desai,2022-11-04,Regular,Mumbai
CUST1397,Ananya Reddy,2022-07-02,Regular,Mumbai
CUST1398,Sanjay Iyer,2022-08-17,Regular,Bengaluru
CUST1399,Deepak Sharma,2023-09-16,Premium,Kolkata
CUST1400,Ritu Patel,2023-08-03,Regular,Delhi
CUST1401,Divya Kapoor,2023-06-27,Regular,Bengaluru
CUST1402,Rohit Chatterjee,2022-06-01,Regular,Delhi
CUST1403,Arjun Desai,2023-07-08,Premium,Kolkata
CUST1404,Vikram Pillai,2024-02-24,Regular,Bengaluru
CUST1405,Aditya Nair,2023-01-02,Regular,Bengaluru
CUST1406,Arjun Kulkarni,2023-07-09,Premium,Mumbai
CUST1407,Nisha Verma,2023-08-30,Regular,Delhi
CUST1408,Pooja Bhat,2024-02-29,Premium,Bengaluru
CUST1409,Arjun Chatterjee,2023-07-30,Premium,Mumbai
CUST1410,Anjali Bhat,2022-08-03,Regular,Mumbai
CUST1411,Priya Reddy,2022-06-29,Regular,Mumbai
CUST1412,Anjali Iyer,2024-03-23,Regular,Chennai
CUST1413,Lakshmi Singh,2022-10-05,Regular,Bengaluru
CUST1414,Lakshmi Patel,2022-08-31,Premium,Bengaluru
CUST1415,Vivek Desai,2022-11-17,Regular,Bengaluru
CUST1416,Vikram Joshi,2023-05-25,Regular,Hyderabad
CUST1417,Deepak Iyer,2024-02-01,Regular,Bengaluru
CUST1418,Amit Menon,2023-07-14,Regular,Delhi
CUST1419,Anjali Desai,2024-03-10,Regular,Pune
CUST1420,Harsh Gupta,2023-10-22,Premium,Chennai
CUST1421,Nisha Chatterjee,2024-02-15,Regular,Bengaluru
CUST1422,Rohit Desai,2024-04-30,Regular,Delhi
CUST1423,Nisha Sharma,2023-04-22,Regular,Bengaluru
CUST1424,Aditya Iyer,2023-06-01,Regular,Ahmedabad
CUST1425,Kavya Joshi,2022-08-16,Regular,Bengaluru
CUST1426,Neha Chatterjee,2023-07-10,Regular,Mumbai
CUST1427,Priya Pillai,2023-10-15,Regular,Mumbai
CUST1428,Gaurav Sharma,2022-09-24,Regular,Mumbai
CUST1429,Manish Bhat,2023-03-23,Regular,Chennai
CUST1430,Nisha Chatterjee,2023-05-09,Premium,Mumbai
CUST1431,Neha Bhat,2022-06-14,Premium,Kolkata
CUST1432,Suresh Malhotra,2023-10-03,Premium,Pune
CUST1433,Rohit Bose,2024-04-08,Regular,Kolkata
CUST1434,Harsh Shetty,2022-12-30,Regular,Mumbai
CUST1435,Arjun Gupta,2023-10-08,Premium,Bengaluru
CUST1436,Kavya Kapoor,2022-09-07,Premium,Mumbai
CUST1437,Gaurav Shetty,2023-03-19,Premium,Bengaluru
CUST1438,Vivek Nair,2024-02-22,Regular,Delhi
CUST1439,Arjun Rao,2023-11-19,Premium,Mumbai
CUST1440,Vivek Nair,2022-10-21,Premium,Mumbai
CUST1441,Kavya Verma,2023-12-30,Regular,Bengaluru
CUST1442,Arjun Kulkarni,2023-04-14,Regular,Bengaluru
CUST1443,Swati Patel,2022-09-09,Premium,Hyderabad
CUST1444,Priya Desai,2023-08-31,Premium,Kolkata
CUST1445,Meera Iyer,2023-12-03,Regular,Chennai
CUST1446,Manish Kulkarni,2024-03-28,Regular,Mumbai
CUST1447,Vivek Malhotra,2023-03-11,Regular,Pune
CUST1448,Neha Kapoor,2022-07-30,Regular,Pune
CUST1449,Vikram Desai,2023-09-18,Premium,Mumbai
CUST1450,Arjun Kulkarni,2023-09-16,Regular,Hyderabad
CUST1451,Gaurav Joshi,2023-03-24,Premium,Mumbai
CUST1452,Manish Malhotra,2023-08-18,Premium,Ahmedabad
CUST1453,Pooja Pillai,2024-02-24,Regular,Delhi
CUST1454,Aditya Kulkarni,2022-10-25,Regular,Bengaluru
CUST1455,Sanjay Patel,2023-12-29,Premium,Hyderabad
CUST1456,Sanjay Iyer,2024-04-04,Regular,Ahmedabad
CUST1457,Priya Joshi,2023-02-18,Premium,Delhi
CUST1458,Gaurav Shetty,2023-09-04,Premium,Bengaluru
CUST1459,Sanjay Verma,2023-09-12,Regular,Delhi
CUST1460,Lakshmi Patel,2022-09-15,Premium,Mumbai
CUST1461,Pooja Malhotra,2023-01-20,Regular,Kolkata
CUST1462,Shreya Shetty,2023-12-10,Premium,Mumbai
CUST1463,Gaurav Desai,2024-04-13,Regular,Chennai
CUST1464,Deepak Reddy,2024-03-11,Regular,Bengaluru
CUST1465,Vivek Gupta,2023-06-02,Premium,Mumbai
CUST1466,Harsh Verma,2024-05-06,Premium,Chennai
CUST1467,Kavya Rao,2023-08-16,Premium,Delhi
CUST1468,Deepak Rao,2023-06-19,Premium,Bengaluru
CUST1469,Neha Reddy,2022-09-06,Regular,Delhi
CUST1470,Shreya Bhat,2023-07-19,Regular,Chennai
CUST1471,Swati Desai,2022-08-08,Premium,Hyderabad
CUST1472,Anjali Singh,2022-08-29,Regular,Bengaluru
CUST1473,Anjali Rao,2023-10-20,Regular,Hyderabad
CUST1474,Manish Malhotra,2022-12-21,Regular,Bengaluru
CUST1475,Vikram Gupta,2022-09-13,Regular,Bengaluru
CUST1476,Nisha Joshi,2022-08-05,Premium,Bengaluru
CUST1477,Nikhil Nair,2024-05-07,Premium,Hyderabad
CUST1478,Suresh Iyer,2023-05-07,Premium,Hyderabad
CUST1479,Rahul Pillai,2023-02-19,Regular,Delhi
CUST1480,Ishita Verma,2023-12-05,Premium,Hyderabad
CUST1481,Vivek Kapoor,2023-10-03,Regular,Kolkata
CUST1482,Vivek Iyer,2022-06-25,Premium,Bengaluru
CUST1483,Aditya Gupta,2024-03-01,Premium,Mumbai
CUST1484,Nikhil Kulkarni,2024-04-23,Regular,Bengaluru
CUST1485,Divya Sharma,2023-03-16,Regular,Chennai
CUST1486,Pooja Verma,2022-06-14,Regular,Chennai
CUST1487,Rahul Reddy,2023-02-25,Regular,Ahmedabad
CUST1488,Harsh Pillai,2024-05-31,,Delhi
CUST1489,Harsh Malhotra,2023-05-04,Premium,Pune
CUST1490,Aditya Pillai,2022-11-20,Regular,Mumbai
CUST1491,Neha Sharma,2023-12-04,Regular,Mumbai
CUST1492,Shreya Bose,2022-08-17,Regular,Bengaluru
CUST1493,Nisha Pillai,2023-09-30,Premium,Mumbai
CUST1494,Swati Malhotra,2022-12-18,Regular,Mumbai
CUST1495,Amit Rao,2023-03-27,Regular,Mumbai
CUST1496,Ananya Bhat,2023-07-22,Regular,Hyderabad
CUST1497,Vivek Desai,2023-04-24,Regular,Bengaluru
CUST1498,Harsh Patel,2024-04-01,Regular,Chennai
CUST1499,Manish Sharma,2023-12-20,Premium,Ahmedabad
CUST1500,Nisha Iyer,2023-09-26,Regular,Delhi
